Workbook

Sheet ProcessedResults
A1: ID | B1: Date | C1: AccuracyLaser | D1: AccuracyNonLaser | E1: OmissionsLaser | F1: OmissionsNonLaser | G1: LaserReward | H1: NonLaserReward | I1: LaserTrials | J1: NonLaserTrials | K1: oLaserPercent | L1: oNonLaserPercent | M1: LatencyLaser | N1: LatencyNonLaser | O1: Angle | P1: Power | Q1: Visualize | R1: CleanID | S1: SEARCH
A2: 1029 | B2: 2025-11-22 | C2: 54.166667 | D2: 55 | E2: 0 | F2: 0 | G2: 65 | H2: 66 | I2: 120 | J2: 120 | K2: 0 | L2: 0 | M2: 0.18281538 | N2: 0.19430303 | O2: =_xlfn.XLOOKUP(S2, AnglePowerMatching!$H:$H, AnglePowerMatching!$C:$C, "NaN") -> 66 | P2: =_xlfn.XLOOKUP(S2, AnglePowerMatching!$H:$H, AnglePowerMatching!$D:$D, "NaN") -> 3 | Q2: =NOT(OR(C2=0,D2=0)) -> TRUE | R2: =VALUE(_xlfn.TEXTBEFORE(A2, {"L","R"}, , , , A2)) -> 1029 | S2: =R2 & TEXT(B2, "yyyymmdd") -> 102920251122
A3: 1029 | B3: 2025-11-23 | C3: 53.333333 | D3: 51.666667 | E3: 0 | F3: 0 | G3: 64 | H3: 62 | I3: 120 | J3: 120 | K3: 0 | L3: 0 | M3: 0.27225 | N3: 0.28053226 | O3: =_xlfn.XLOOKUP(S3, AnglePowerMatching!$H:$H, AnglePowerMatching!$C:$C, "NaN") -> 66 | P3: =_xlfn.XLOOKUP(S3, AnglePowerMatching!$H:$H, AnglePowerMatching!$D:$D, "NaN") -> 5 | Q3: =NOT(OR(C3=0,D3=0)) -> TRUE | R3: =VALUE(_xlfn.TEXTBEFORE(A3, {"L","R"}, , , , A3)) -> 1029 | S3: =R3 & TEXT(B3, "yyyymmdd") -> 102920251123
A4: 1029 | B4: 2025-11-24 | C4: 51.666667 | D4: 46.666667 | E4: 0 | F4: 0 | G4: 62 | H4: 56 | I4: 120 | J4: 120 | K4: 0 | L4: 0 | M4: 0.29008065 | N4: 0.20426786 | O4: =_xlfn.XLOOKUP(S4, AnglePowerMatching!$H:$H, AnglePowerMatching!$C:$C, "NaN") -> 66 | P4: =_xlfn.XLOOKUP(S4, AnglePowerMatching!$H:$H, AnglePowerMatching!$D:$D, "NaN") -> 10 | Q4: =NOT(OR(C4=0,D4=0)) -> TRUE | R4: =VALUE(_xlfn.TEXTBEFORE(A4, {"L","R"}, , , , A4)) -> 1029 | S4: =R4 & TEXT(B4, "yyyymmdd") -> 102920251124
A5: 1029 | B5: 2025-12-12 | C5: 65.833333 | D5: 65.833333 | E5: 0 | F5: 0 | G5: 79 | H5: 79 | I5: 120 | J5: 120 | K5: 0 | L5: 0 | M5: 0.26475949 | N5: 0.24287342 | O5: =_xlfn.XLOOKUP(S5, AnglePowerMatching!$H:$H, AnglePowerMatching!$C:$C, "NaN") -> 90 | P5: =_xlfn.XLOOKUP(S5, AnglePowerMatching!$H:$H, AnglePowerMatching!$D:$D, "NaN") -> 3 | Q5: =NOT(OR(C5=0,D5=0)) -> TRUE | R5: =VALUE(_xlfn.TEXTBEFORE(A5, {"L","R"}, , , , A5)) -> 1029 | S5: =R5 & TEXT(B5, "yyyymmdd") -> 102920251212
A6: 1029 | B6: 2025-12-13 | C6: 82.5 | D6: 86.419753 | E6: 40 | F6: 39 | G6: 66 | H6: 70 | I6: 120 | J6: 120 | K6: 33.333333 | L6: 32.5 | M6: 0.42874242 | N6: 0.34355714 | O6: =_xlfn.XLOOKUP(S6, AnglePowerMatching!$H:$H, AnglePowerMatching!$C:$C, "NaN") -> 90 | P6: =_xlfn.XLOOKUP(S6, AnglePowerMatching!$H:$H, AnglePowerMatching!$D:$D, "NaN") -> 5 | Q6: =NOT(OR(C6=0,D6=0)) -> TRUE | R6: =VALUE(_xlfn.TEXTBEFORE(A6, {"L","R"}, , , , A6)) -> 1029 | S6: =R6 & TEXT(B6, "yyyymmdd") -> 102920251213
A7: 1029 | B7: 2025-12-15 | C7: 81.034483 | D7: 70.175439 | E7: 62 | F7: 63 | G7: 47 | H7: 40 | I7: 120 | J7: 120 | K7: 51.666667 | L7: 52.5 | M7: 0.96259574 | N7: 0.9585 | O7: =_xlfn.XLOOKUP(S7, AnglePowerMatching!$H:$H, AnglePowerMatching!$C:$C, "NaN") -> 90 | P7: =_xlfn.XLOOKUP(S7, AnglePowerMatching!$H:$H, AnglePowerMatching!$D:$D, "NaN") -> 10 | Q7: =NOT(OR(C7=0,D7=0)) -> TRUE | R7: =VALUE(_xlfn.TEXTBEFORE(A7, {"L","R"}, , , , A7)) -> 1029 | S7: =R7 & TEXT(B7, "yyyymmdd") -> 102920251215
A8: 1029 | B8: 2025-12-16 | C8: 36.595745 | D8: 36.820084 | E8: 5 | F8: 1 | G8: 86 | H8: 88 | I8: 240 | J8: 240 | K8: 2.0833333 | L8: 0.41666667 | M8: 0.30010465 | N8: 0.28431818 | O8: =_xlfn.XLOOKUP(S8, AnglePowerMatching!$H:$H, AnglePowerMatching!$C:$C, "NaN") -> 90 | P8: =_xlfn.XLOOKUP(S8, AnglePowerMatching!$H:$H, AnglePowerMatching!$D:$D, "NaN") -> 10 | Q8: =NOT(OR(C8=0,D8=0)) -> TRUE | R8: =VALUE(_xlfn.TEXTBEFORE(A8, {"L","R"}, , , , A8)) -> 1029 | S8: =R8 & TEXT(B8, "yyyymmdd") -> 102920251216
A9: 1029 | B9: 2025-12-17 | C9: 64.285714 | D9: 65.789474 | E9: 12 | F9: 11 | G9: 72 | H9: 75 | I9: 124 | J9: 125 | K9: 9.6774194 | L9: 8.8 | M9: 0.29847222 | N9: 0.25242667 | O9: =_xlfn.XLOOKUP(S9, AnglePowerMatching!$H:$H, AnglePowerMatching!$C:$C, "NaN") -> 90 | P9: =_xlfn.XLOOKUP(S9, AnglePowerMatching!$H:$H, AnglePowerMatching!$D:$D, "NaN") -> 10 | Q9: =NOT(OR(C9=0,D9=0)) -> TRUE | R9: =VALUE(_xlfn.TEXTBEFORE(A9, {"L","R"}, , , , A9)) -> 1029 | S9: =R9 & TEXT(B9, "yyyymmdd") -> 102920251217
A10: 1029 | B10: 2025-12-18 | C10: 62.608696 | D10: 55.555556 | E10: 5 | F10: 3 | G10: 72 | H10: 65 | I10: 120 | J10: 120 | K10: 4.1666667 | L10: 2.5 | M10: 0.26394444 | N10: 0.23587692 | O10: =_xlfn.XLOOKUP(S10, AnglePowerMatching!$H:$H, AnglePowerMatching!$C:$C, "NaN") -> 90 | P10: =_xlfn.XLOOKUP(S10, AnglePowerMatching!$H:$H, AnglePowerMatching!$D:$D, "NaN") -> 5 | Q10: =NOT(OR(C10=0,D10=0)) -> TRUE | R10: =VALUE(_xlfn.TEXTBEFORE(A10, {"L","R"}, , , , A10)) -> 1029 | S10: =R10 & TEXT(B10, "yyyymmdd") -> 102920251218
A11: 1029 | B11: 2025-12-30 | C11: 60.504202 | D11: 62.280702 | E11: 1 | F11: 6 | G11: 72 | H11: 71 | I11: 120 | J11: 120 | K11: 0.83333333 | L11: 5 | M11: 0.28647222 | N11: 0.2645493 | O11: =_xlfn.XLOOKUP(S11, AnglePowerMatching!$H:$H, AnglePowerMatching!$C:$C, "NaN") -> 90 | P11: =_xlfn.XLOOKUP(S11, AnglePowerMatching!$H:$H, AnglePowerMatching!$D:$D, "NaN") -> 10 | Q11: =NOT(OR(C11=0,D11=0)) -> TRUE | R11: =VALUE(_xlfn.TEXTBEFORE(A11, {"L","R"}, , , , A11)) -> 1029 | S11: =R11 & TEXT(B11, "yyyymmdd") -> 102920251230
A12: 1029 | B12: 2025-12-31 | C12: 73.684211 | D12: 76.229508 | E12: 22 | F12: 14 | G12: 84 | H12: 93 | I12: 136 | J12: 136 | K12: 16.176471 | L12: 10.294118 | M12: 0.28832143 | N12: 0.27991398 | O12: =_xlfn.XLOOKUP(S12, AnglePowerMatching!$H:$H, AnglePowerMatching!$C:$C, "NaN") -> 90 | P12: =_xlfn.XLOOKUP(S12, AnglePowerMatching!$H:$H, AnglePowerMatching!$D:$D, "NaN") -> 5 | Q12: =NOT(OR(C12=0,D12=0)) -> TRUE | R12: =VALUE(_xlfn.TEXTBEFORE(A12, {"L","R"}, , , , A12)) -> 1029 | S12: =R12 & TEXT(B12, "yyyymmdd") -> 102920251231
A13: 1029 | B13: 2026-01-07 | C13: 55.833333 | D13: 51.260504 | E13: 0 | F13: 1 | G13: 67 | H13: 61 | I13: 120 | J13: 120 | K13: 0 | L13: 0.83333333 | M13: 0.31301493 | N13: 0.26309836 | O13: =_xlfn.XLOOKUP(S13, AnglePowerMatching!$H:$H, AnglePowerMatching!$C:$C, "NaN") -> 35 | P13: =_xlfn.XLOOKUP(S13, AnglePowerMatching!$H:$H, AnglePowerMatching!$D:$D, "NaN") -> 3 | Q13: =NOT(OR(C13=0,D13=0)) -> TRUE | R13: =VALUE(_xlfn.TEXTBEFORE(A13, {"L","R"}, , , , A13)) -> 1029 | S13: =R13 & TEXT(B13, "yyyymmdd") -> 102920260107
... A84: 1034 | B84: 2025-12-15 | C84: 49.193548 | D84: 51.639344 | E84: 0 | F84: 1 | G84: 61 | H84: 63 | I84: 124 | J84: 123 | K84: 0 | L84: 0.81300813 | M84: 0.19740984 | N84: 0.18620635 | O84: =_xlfn.XLOOKUP(S84, AnglePowerMatching!$H:$H, AnglePowerMatching!$C:$C, "NaN") -> 66 | P84: =_xlfn.XLOOKUP(S84, AnglePowerMatching!$H:$H, AnglePowerMatching!$D:$D, "NaN") -> 3 masker | Q84: =NOT(OR(C84=0,D84=0)) -> TRUE | R84: =VALUE(_xlfn.TEXTBEFORE(A84, {"L","R"}, , , , A84)) -> 1034 | S84: =R84 & TEXT(B84, "yyyymmdd") -> 103420251215
A85: 1034 | B85: 2025-12-16 | C85: 0 | E85: 119 | F85: 120 | G85: 0 | H85: 0 | I85: 120 | J85: 120 | K85: 99.166667 | L85: 100 | O85: =_xlfn.XLOOKUP(S85, AnglePowerMatching!$H:$H, AnglePowerMatching!$C:$C, "NaN") -> NaN | P85: =_xlfn.XLOOKUP(S85, AnglePowerMatching!$H:$H, AnglePowerMatching!$D:$D, "NaN") -> NaN | Q85: =NOT(OR(C85=0,D85=0)) -> FALSE | R85: =VALUE(_xlfn.TEXTBEFORE(A85, {"L","R"}, , , , A85)) -> 1034 | S85: =R85 & TEXT(B85, "yyyymmdd") -> 103420251216
A86: 1034 | B86: 2025-12-17 | C86: 59.663866 | D86: 62.5 | E86: 1 | F86: 0 | G86: 71 | H86: 75 | I86: 120 | J86: 120 | K86: 0.83333333 | L86: 0 | M86: 0.22409859 | N86: 0.24790667 | O86: =_xlfn.XLOOKUP(S86, AnglePowerMatching!$H:$H, AnglePowerMatching!$C:$C, "NaN") -> 66 | P86: =_xlfn.XLOOKUP(S86, AnglePowerMatching!$H:$H, AnglePowerMatching!$D:$D, "NaN") -> 10 | Q86: =NOT(OR(C86=0,D86=0)) -> TRUE | R86: =VALUE(_xlfn.TEXTBEFORE(A86, {"L","R"}, , , , A86)) -> 1034 | S86: =R86 & TEXT(B86, "yyyymmdd") -> 103420251217
A87: 1034 | B87: 2025-12-18 | C87: 58.333333 | D87: 56.666667 | E87: 0 | F87: 0 | G87: 70 | H87: 68 | I87: 120 | J87: 120 | K87: 0 | L87: 0 | M87: 0.19927143 | N87: 0.18492647 | O87: =_xlfn.XLOOKUP(S87, AnglePowerMatching!$H:$H, AnglePowerMatching!$C:$C, "NaN") -> 66 | P87: =_xlfn.XLOOKUP(S87, AnglePowerMatching!$H:$H, AnglePowerMatching!$D:$D, "NaN") -> 3 | Q87: =NOT(OR(C87=0,D87=0)) -> TRUE | R87: =VALUE(_xlfn.TEXTBEFORE(A87, {"L","R"}, , , , A87)) -> 1034 | S87: =R87 & TEXT(B87, "yyyymmdd") -> 103420251218
A88: 1034 | B88: 2025-12-31 | C88: 52.205882 | D88: 50.735294 | E88: 0 | F88: 0 | G88: 71 | H88: 69 | I88: 136 | J88: 136 | K88: 0 | L88: 0 | M88: 0.20602817 | N88: 0.1906087 | O88: =_xlfn.XLOOKUP(S88, AnglePowerMatching!$H:$H, AnglePowerMatching!$C:$C, "NaN") -> 66 | P88: =_xlfn.XLOOKUP(S88, AnglePowerMatching!$H:$H, AnglePowerMatching!$D:$D, "NaN") -> 5 masker | Q88: =NOT(OR(C88=0,D88=0)) -> TRUE | R88: =VALUE(_xlfn.TEXTBEFORE(A88, {"L","R"}, , , , A88)) -> 1034 | S88: =R88 & TEXT(B88, "yyyymmdd") -> 103420251231
A89: 1034 | B89: 2026-01-13 | C89: 61.666667 | D89: 61.016949 | E89: 0 | F89: 2 | G89: 74 | H89: 72 | I89: 120 | J89: 120 | K89: 0 | L89: 1.6666667 | M89: 0.28716216 | N89: 0.28869444 | O89: =_xlfn.XLOOKUP(S89, AnglePowerMatching!$H:$H, AnglePowerMatching!$C:$C, "NaN") -> 66 | P89: =_xlfn.XLOOKUP(S89, AnglePowerMatching!$H:$H, AnglePowerMatching!$D:$D, "NaN") -> 3 masker | Q89: =NOT(OR(C89=0,D89=0)) -> TRUE | R89: =VALUE(_xlfn.TEXTBEFORE(A89, {"L","R"}, , , , A89)) -> 1034 | S89: =R89 & TEXT(B89, "yyyymmdd") -> 103420260113
A90: 1034 | B90: 2026-01-14 | C90: 49.586777 | D90: 59.166667 | E90: 0 | F90: 0 | G90: 60 | H90: 71 | I90: 121 | J90: 120 | K90: 0 | L90: 0 | M90: 0.19216667 | N90: 0.21511268 | O90: =_xlfn.XLOOKUP(S90, AnglePowerMatching!$H:$H, AnglePowerMatching!$C:$C, "NaN") -> 66 | P90: =_xlfn.XLOOKUP(S90, AnglePowerMatching!$H:$H, AnglePowerMatching!$D:$D, "NaN") -> 5 masker | Q90: =NOT(OR(C90=0,D90=0)) -> TRUE | R90: =VALUE(_xlfn.TEXTBEFORE(A90, {"L","R"}, , , , A90)) -> 1034 | S90: =R90 & TEXT(B90, "yyyymmdd") -> 103420260114
A91: 9450L | B91: 2025-08-18 | C91: 76.470588 | D91: 65.833333 | E91: 1 | F91: 0 | G91: 91 | H91: 79 | I91: 120 | J91: 120 | K91: 0.83333333 | L91: 0 | M91: 0.2632967 | N91: 0.24758228 | O91: =_xlfn.XLOOKUP(S91, AnglePowerMatching!$H:$H, AnglePowerMatching!$C:$C, "NaN") -> NaN | P91: =_xlfn.XLOOKUP(S91, AnglePowerMatching!$H:$H, AnglePowerMatching!$D:$D, "NaN") -> NaN | Q91: =NOT(OR(C91=0,D91=0)) -> TRUE | R91: =VALUE(_xlfn.TEXTBEFORE(A91, {"L","R"}, , , , A91)) -> 9450 | S91: =R91 & TEXT(B91, "yyyymmdd") -> 945020250818
A92: 948L | B92: 2025-07-24 | D92: 0 | E92: 0 | F92: 5 | G92: 0 | H92: 0 | I92: 0 | J92: 6 | K92: 0 | L92: 83.333333 | O92: =_xlfn.XLOOKUP(S92, AnglePowerMatching!$H:$H, AnglePowerMatching!$C:$C, "NaN") -> NaN | P92: =_xlfn.XLOOKUP(S92, AnglePowerMatching!$H:$H, AnglePowerMatching!$D:$D, "NaN") -> NaN | Q92: =NOT(OR(C92=0,D92=0)) -> FALSE | R92: =VALUE(_xlfn.TEXTBEFORE(A92, {"L","R"}, , , , A92)) -> 948 | S92: =R92 & TEXT(B92, "yyyymmdd") -> 94820250724
A93: 948L | B93: 2025-07-24 | D93: 0 | E93: 0 | F93: 5 | G93: 0 | H93: 0 | I93: 0 | J93: 6 | K93: 0 | L93: 83.333333 | O93: =_xlfn.XLOOKUP(S93, AnglePowerMatching!$H:$H, AnglePowerMatching!$C:$C, "NaN") -> NaN | P93: =_xlfn.XLOOKUP(S93, AnglePowerMatching!$H:$H, AnglePowerMatching!$D:$D, "NaN") -> NaN | Q93: =NOT(OR(C93=0,D93=0)) -> FALSE | R93: =VALUE(_xlfn.TEXTBEFORE(A93, {"L","R"}, , , , A93)) -> 948 | S93: =R93 & TEXT(B93, "yyyymmdd") -> 94820250724
A94: 948L | B94: 2025-07-24 | D94: 42.857143 | E94: 0 | F94: 1 | G94: 0 | H94: 6 | I94: 0 | J94: 15 | K94: 0 | L94: 6.6666667 | N94: 0.53583333 | O94: =_xlfn.XLOOKUP(S94, AnglePowerMatching!$H:$H, AnglePowerMatching!$C:$C, "NaN") -> NaN | P94: =_xlfn.XLOOKUP(S94, AnglePowerMatching!$H:$H, AnglePowerMatching!$D:$D, "NaN") -> NaN | Q94: =NOT(OR(C94=0,D94=0)) -> FALSE | R94: =VALUE(_xlfn.TEXTBEFORE(A94, {"L","R"}, , , , A94)) -> 948 | S94: =R94 & TEXT(B94, "yyyymmdd") -> 94820250724
A95: 948L | B95: 2025-07-25 | C95: 0 | D95: 100 | E95: 0 | F95: 0 | G95: 0 | H95: 2 | I95: 1 | J95: 2 | K95: 0 | L95: 0 | N95: 0.496 | O95: =_xlfn.XLOOKUP(S95, AnglePowerMatching!$H:$H, AnglePowerMatching!$C:$C, "NaN") -> 66 | P95: =_xlfn.XLOOKUP(S95, AnglePowerMatching!$H:$H, AnglePowerMatching!$D:$D, "NaN") -> 3 | Q95: =NOT(OR(C95=0,D95=0)) -> FALSE | R95: =VALUE(_xlfn.TEXTBEFORE(A95, {"L","R"}, , , , A95)) -> 948 | S95: =R95 & TEXT(B95, "yyyymmdd") -> 94820250725
A96: 948L | B96: 2025-07-25 | C96: 88.372093 | D96: 90.217391 | E96: 8 | F96: 2 | G96: 76 | H96: 83 | I96: 94 | J96: 94 | K96: 8.5106383 | L96: 2.1276596 | M96: 0.43493421 | N96: 0.40443373 | O96: =_xlfn.XLOOKUP(S96, AnglePowerMatching!$H:$H, AnglePowerMatching!$C:$C, "NaN") -> 66 | P96: =_xlfn.XLOOKUP(S96, AnglePowerMatching!$H:$H, AnglePowerMatching!$D:$D, "NaN") -> 3 | Q96: =NOT(OR(C96=0,D96=0)) -> TRUE | R96: =VALUE(_xlfn.TEXTBEFORE(A96, {"L","R"}, , , , A96)) -> 948 | S96: =R96 & TEXT(B96, "yyyymmdd") -> 94820250725
A97: 948L | B97: 2025-07-26 | C97: 91.304348 | D97: 86.486486 | E97: 9 | F97: 14 | G97: 105 | H97: 96 | I97: 124 | J97: 125 | K97: 7.2580645 | L97: 11.2 | M97: 0.37724762 | N97: 0.46075 | O97: =_xlfn.XLOOKUP(S97, AnglePowerMatching!$H:$H, AnglePowerMatching!$C:$C, "NaN") -> NaN | P97: =_xlfn.XLOOKUP(S97, AnglePowerMatching!$H:$H, AnglePowerMatching!$D:$D, "NaN") -> NaN | Q97: =NOT(OR(C97=0,D97=0)) -> TRUE | R97: =VALUE(_xlfn.TEXTBEFORE(A97, {"L","R"}, , , , A97)) -> 948 | S97: =R97 & TEXT(B97, "yyyymmdd") -> 94820250726
A98: 948L | B98: 2025-07-27 | C98: 50 | D98: 50 | E98: 0 | F98: 0 | G98: 2 | H98: 2 | I98: 4 | J98: 4 | K98: 0 | L98: 0 | M98: 0.188 | N98: 0.387 | O98: =_xlfn.XLOOKUP(S98, AnglePowerMatching!$H:$H, AnglePowerMatching!$C:$C, "NaN") -> 66 | P98: =_xlfn.XLOOKUP(S98, AnglePowerMatching!$H:$H, AnglePowerMatching!$D:$D, "NaN") -> 5 | Q98: =NOT(OR(C98=0,D98=0)) -> TRUE | R98: =VALUE(_xlfn.TEXTBEFORE(A98, {"L","R"}, , , , A98)) -> 948 | S98: =R98 & TEXT(B98, "yyyymmdd") -> 94820250727
A99: 948L | B99: 2025-07-27 | C99: 87.826087 | D99: 89.565217 | E99: 0 | F99: 0 | G99: 101 | H99: 103 | I99: 115 | J99: 115 | K99: 0 | L99: 0 | M99: 0.28676238 | N99: 0.28343689 | O99: =_xlfn.XLOOKUP(S99, AnglePowerMatching!$H:$H, AnglePowerMatching!$C:$C, "NaN") -> 66 | P99: =_xlfn.XLOOKUP(S99, AnglePowerMatching!$H:$H, AnglePowerMatching!$D:$D, "NaN") -> 5 | Q99: =NOT(OR(C99=0,D99=0)) -> TRUE | R99: =VALUE(_xlfn.TEXTBEFORE(A99, {"L","R"}, , , , A99)) -> 948 | S99: =R99 & TEXT(B99, "yyyymmdd") -> 94820250727
A100: 948L | B100: 2025-07-28 | C100: 100 | D100: 50 | E100: 0 | F100: 0 | G100: 1 | H100: 1 | I100: 1 | J100: 2 | K100: 0 | L100: 0 | M100: 0.476 | N100: 0.383 | O100: =_xlfn.XLOOKUP(S100, AnglePowerMatching!$H:$H, AnglePowerMatching!$C:$C, "NaN") -> 66 | P100: =_xlfn.XLOOKUP(S100, AnglePowerMatching!$H:$H, AnglePowerMatching!$D:$D, "NaN") -> 10 | Q100: =NOT(OR(C100=0,D100=0)) -> TRUE | R100: =VALUE(_xlfn.TEXTBEFORE(A100, {"L","R"}, , , , A100)) -> 948 | S100: =R100 & TEXT(B100, "yyyymmdd") -> 94820250728
A101: 948L | B101: 2025-07-28 | C101: 100 | D101: 100 | E101: 0 | F101: 0 | G101: 1 | H101: 2 | I101: 1 | J101: 2 | K101: 0 | L101: 0 | M101: 0.575 | N101: 0.683 | O101: =_xlfn.XLOOKUP(S101, AnglePowerMatching!$H:$H, AnglePowerMatching!$C:$C, "NaN") -> 66 | P101: =_xlfn.XLOOKUP(S101, AnglePowerMatching!$H:$H, AnglePowerMatching!$D:$D, "NaN") -> 10 | Q101: =NOT(OR(C101=0,D101=0)) -> TRUE | R101: =VALUE(_xlfn.TEXTBEFORE(A101, {"L","R"}, , , , A101)) -> 948 | S101: =R101 & TEXT(B101, "yyyymmdd") -> 94820250728
A102: 948L | B102: 2025-07-28 | C102: 100 | D102: 66.666667 | E102: 1 | F102: 0 | G102: 5 | H102: 4 | I102: 6 | J102: 6 | K102: 16.666667 | L102: 0 | M102: 0.4664 | N102: 0.48775 | O102: =_xlfn.XLOOKUP(S102, AnglePowerMatching!$H:$H, AnglePowerMatching!$C:$C, "NaN") -> 66 | P102: =_xlfn.XLOOKUP(S102, AnglePowerMatching!$H:$H, AnglePowerMatching!$D:$D, "NaN") -> 10 | Q102: =NOT(OR(C102=0,D102=0)) -> TRUE | R102: =VALUE(_xlfn.TEXTBEFORE(A102, {"L","R"}, , , , A102)) -> 948 | S102: =R102 & TEXT(B102, "yyyymmdd") -> 94820250728
A103: 948L | B103: 2025-07-28 | C103: 93.814433 | D103: 88.77551 | E103: 23 | F103: 22 | G103: 91 | H103: 87 | I103: 120 | J103: 120 | K103: 19.166667 | L103: 18.333333 | M103: 0.54502198 | N103: 0.55297701 | O103: =_xlfn.XLOOKUP(S103, AnglePowerMatching!$H:$H, AnglePowerMatching!$C:$C, "NaN") -> 66 | P103: =_xlfn.XLOOKUP(S103, AnglePowerMatching!$H:$H, AnglePowerMatching!$D:$D, "NaN") -> 10 | Q103: =NOT(OR(C103=0,D103=0)) -> TRUE | R103: =VALUE(_xlfn.TEXTBEFORE(A103, {"L","R"}, , , , A103)) -> 948 | S103: =R103 & TEXT(B103, "yyyymmdd") -> 94820250728
A104: 948L | B104: 2025-07-29 | C104: 84.931507 | D104: 89.74359 | E104: 47 | F104: 42 | G104: 62 | H104: 70 | I104: 120 | J104: 120 | K104: 39.166667 | L104: 35 | M104: 0.61246774 | N104: 0.63437143 | O104: =_xlfn.XLOOKUP(S104, AnglePowerMatching!$H:$H, AnglePowerMatching!$C:$C, "NaN") -> 66 | P104: =_xlfn.XLOOKUP(S104, AnglePowerMatching!$H:$H, AnglePowerMatching!$D:$D, "NaN") -> 3 | Q104: =NOT(OR(C104=0,D104=0)) -> TRUE | R104: =VALUE(_xlfn.TEXTBEFORE(A104, {"L","R"}, , , , A104)) -> 948 | S104: =R104 & TEXT(B104, "yyyymmdd") -> 94820250729
A105: 948L | B105: 2025-07-30 | D105: 0 | E105: 0 | F105: 1 | G105: 0 | H105: 0 | I105: 0 | J105: 2 | K105: 0 | L105: 50 | O105: =_xlfn.XLOOKUP(S105, AnglePowerMatching!$H:$H, AnglePowerMatching!$C:$C, "NaN") -> 90 | P105: =_xlfn.XLOOKUP(S105, AnglePowerMatching!$H:$H, AnglePowerMatching!$D:$D, "NaN") -> 3 | Q105: =NOT(OR(C105=0,D105=0)) -> FALSE | R105: =VALUE(_xlfn.TEXTBEFORE(A105, {"L","R"}, , , , A105)) -> 948 | S105: =R105 & TEXT(B105, "yyyymmdd") -> 94820250730
A106: 948L | B106: 2025-07-30 | C106: 0 | E106: 1 | F106: 2 | G106: 0 | H106: 0 | I106: 2 | J106: 2 | K106: 50 | L106: 100 | O106: =_xlfn.XLOOKUP(S106, AnglePowerMatching!$H:$H, AnglePowerMatching!$C:$C, "NaN") -> 90 | P106: =_xlfn.XLOOKUP(S106, AnglePowerMatching!$H:$H, AnglePowerMatching!$D:$D, "NaN") -> 3 | Q106: =NOT(OR(C106=0,D106=0)) -> FALSE | R106: =VALUE(_xlfn.TEXTBEFORE(A106, {"L","R"}, , , , A106)) -> 948 | S106: =R106 & TEXT(B106, "yyyymmdd") -> 94820250730
A107: 948L | B107: 2025-07-30 | C107: 91.780822 | D107: 89.534884 | E107: 42 | F107: 30 | G107: 67 | H107: 77 | I107: 115 | J107: 116 | K107: 36.521739 | L107: 25.862069 | M107: 0.51428358 | N107: 0.53480519 | O107: =_xlfn.XLOOKUP(S107, AnglePowerMatching!$H:$H, AnglePowerMatching!$C:$C, "NaN") -> 90 | P107: =_xlfn.XLOOKUP(S107, AnglePowerMatching!$H:$H, AnglePowerMatching!$D:$D, "NaN") -> 3 | Q107: =NOT(OR(C107=0,D107=0)) -> TRUE | R107: =VALUE(_xlfn.TEXTBEFORE(A107, {"L","R"}, , , , A107)) -> 948 | S107: =R107 & TEXT(B107, "yyyymmdd") -> 94820250730
A108: 948L | B108: 2025-07-31 | C108: 83.478261 | D108: 87.610619 | E108: 5 | F108: 7 | G108: 96 | H108: 99 | I108: 120 | J108: 120 | K108: 4.1666667 | L108: 5.8333333 | M108: 0.41176042 | N108: 0.43931313 | O108: =_xlfn.XLOOKUP(S108, AnglePowerMatching!$H:$H, AnglePowerMatching!$C:$C, "NaN") -> 90 | P108: =_xlfn.XLOOKUP(S108, AnglePowerMatching!$H:$H, AnglePowerMatching!$D:$D, "NaN") -> 5 | Q108: =NOT(OR(C108=0,D108=0)) -> TRUE | R108: =VALUE(_xlfn.TEXTBEFORE(A108, {"L","R"}, , , , A108)) -> 948 | S108: =R108 & TEXT(B108, "yyyymmdd") -> 94820250731
A109: 948L | B109: 2025-08-01 | C109: 96.039604 | D109: 91.818182 | E109: 29 | F109: 21 | G109: 97 | H109: 101 | I109: 130 | J109: 131 | K109: 22.307692 | L109: 16.030534 | M109: 0.51113402 | N109: 0.49015842 | O109: =_xlfn.XLOOKUP(S109, AnglePowerMatching!$H:$H, AnglePowerMatching!$C:$C, "NaN") -> 90 | P109: =_xlfn.XLOOKUP(S109, AnglePowerMatching!$H:$H, AnglePowerMatching!$D:$D, "NaN") -> 10 | Q109: =NOT(OR(C109=0,D109=0)) -> TRUE | R109: =VALUE(_xlfn.TEXTBEFORE(A109, {"L","R"}, , , , A109)) -> 948 | S109: =R109 & TEXT(B109, "yyyymmdd") -> 94820250801
A110: 948L | B110: 2025-08-02 | C110: 92.537313 | D110: 96.240602 | E110: 0 | F110: 2 | G110: 124 | H110: 128 | I110: 134 | J110: 135 | K110: 0 | L110: 1.4814815 | M110: 0.38116129 | N110: 0.37492969 | O110: =_xlfn.XLOOKUP(S110, AnglePowerMatching!$H:$H, AnglePowerMatching!$C:$C, "NaN") -> NaN | P110: =_xlfn.XLOOKUP(S110, AnglePowerMatching!$H:$H, AnglePowerMatching!$D:$D, "NaN") -> NaN | Q110: =NOT(OR(C110=0,D110=0)) -> TRUE | R110: =VALUE(_xlfn.TEXTBEFORE(A110, {"L","R"}, , , , A110)) -> 948 | S110: =R110 & TEXT(B110, "yyyymmdd") -> 94820250802
A111: 948L | B111: 2025-08-03 | C111: 92.105263 | D111: 91.22807 | E111: 6 | F111: 6 | G111: 105 | H111: 104 | I111: 120 | J111: 120 | K111: 5 | L111: 5 | M111: 0.50390476 | N111: 0.49585577 | O111: =_xlfn.XLOOKUP(S111, AnglePowerMatching!$H:$H, AnglePowerMatching!$C:$C, "NaN") -> 35 | P111: =_xlfn.XLOOKUP(S111, AnglePowerMatching!$H:$H, AnglePowerMatching!$D:$D, "NaN") -> 3 | Q111: =NOT(OR(C111=0,D111=0)) -> TRUE | R111: =VALUE(_xlfn.TEXTBEFORE(A111, {"L","R"}, , , , A111)) -> 948 | S111: =R111 & TEXT(B111, "yyyymmdd") -> 94820250803
A112: 948L | B112: 2025-08-04 | C112: 85.915493 | D112: 88.461538 | E112: 49 | F112: 44 | G112: 61 | H112: 69 | I112: 120 | J112: 122 | K112: 40.833333 | L112: 36.065574 | M112: 0.45629508 | N112: 0.50857971 | O112: =_xlfn.XLOOKUP(S112, AnglePowerMatching!$H:$H, AnglePowerMatching!$C:$C, "NaN") -> NaN | P112: =_xlfn.XLOOKUP(S112, AnglePowerMatching!$H:$H, AnglePowerMatching!$D:$D, "NaN") -> NaN | Q112: =NOT(OR(C112=0,D112=0)) -> TRUE | R112: =VALUE(_xlfn.TEXTBEFORE(A112, {"L","R"}, , , , A112)) -> 948 | S112: =R112 & TEXT(B112, "yyyymmdd") -> 94820250804
A113: 948L | B113: 2025-08-05 | C113: 65.217391 | D113: 65.217391 | E113: 115 | F113: 113 | G113: 15 | H113: 15 | I113: 138 | J113: 136 | K113: 83.333333 | L113: 83.088235 | M113: 0.7 | N113: 0.78606667 | O113: =_xlfn.XLOOKUP(S113, AnglePowerMatching!$H:$H, AnglePowerMatching!$C:$C, "NaN") -> NaN | P113: =_xlfn.XLOOKUP(S113, AnglePowerMatching!$H:$H, AnglePowerMatching!$D:$D, "NaN") -> NaN | Q113: =NOT(OR(C113=0,D113=0)) -> TRUE | R113: =VALUE(_xlfn.TEXTBEFORE(A113, {"L","R"}, , , , A113)) -> 948 | S113: =R113 & TEXT(B113, "yyyymmdd") -> 94820250805
A114: 948L | B114: 2025-08-06 | C114: 86.842105 | D114: 92.857143 | E114: 26 | F114: 32 | G114: 66 | H114: 65 | I114: 102 | J114: 102 | K114: 25.490196 | L114: 31.372549 | M114: 0.49921212 | N114: 0.48170769 | O114: =_xlfn.XLOOKUP(S114, AnglePowerMatching!$H:$H, AnglePowerMatching!$C:$C, "NaN") -> 35 | P114: =_xlfn.XLOOKUP(S114, AnglePowerMatching!$H:$H, AnglePowerMatching!$D:$D, "NaN") -> 5 | Q114: =NOT(OR(C114=0,D114=0)) -> TRUE | R114: =VALUE(_xlfn.TEXTBEFORE(A114, {"L","R"}, , , , A114)) -> 948 | S114: =R114 & TEXT(B114, "yyyymmdd") -> 94820250806
A115: 948L | B115: 2025-08-07 | C115: 64.545455 | D115: 63.478261 | E115: 5 | F115: 0 | G115: 71 | H115: 73 | I115: 115 | J115: 115 | K115: 4.3478261 | L115: 0 | M115: 0.27321127 | N115: 0.26446575 | O115: =_xlfn.XLOOKUP(S115, AnglePowerMatching!$H:$H, AnglePowerMatching!$C:$C, "NaN") -> 35 | P115: =_xlfn.XLOOKUP(S115, AnglePowerMatching!$H:$H, AnglePowerMatching!$D:$D, "NaN") -> 10 | Q115: =NOT(OR(C115=0,D115=0)) -> TRUE | R115: =VALUE(_xlfn.TEXTBEFORE(A115, {"L","R"}, , , , A115)) -> 948 | S115: =R115 & TEXT(B115, "yyyymmdd") -> 94820250807
A116: 948L | B116: 2025-08-08 | C116: 83.516484 | D116: 79.775281 | E116: 23 | F116: 25 | G116: 76 | H116: 71 | I116: 114 | J116: 114 | K116: 20.175439 | L116: 21.929825 | M116: 0.37123684 | N116: 0.37480282 | O116: =_xlfn.XLOOKUP(S116, AnglePowerMatching!$H:$H, AnglePowerMatching!$C:$C, "NaN") -> NaN | P116: =_xlfn.XLOOKUP(S116, AnglePowerMatching!$H:$H, AnglePowerMatching!$D:$D, "NaN") -> NaN | Q116: =NOT(OR(C116=0,D116=0)) -> TRUE | R116: =VALUE(_xlfn.TEXTBEFORE(A116, {"L","R"}, , , , A116)) -> 948 | S116: =R116 & TEXT(B116, "yyyymmdd") -> 94820250808
A117: 948L | B117: 2025-08-09 | C117: 72.881356 | D117: 82.20339 | E117: 5 | F117: 5 | G117: 86 | H117: 97 | I117: 123 | J117: 123 | K117: 4.0650407 | L117: 4.0650407 | M117: 0.38136047 | N117: 0.38401031 | O117: =_xlfn.XLOOKUP(S117, AnglePowerMatching!$H:$H, AnglePowerMatching!$C:$C, "NaN") -> NaN | P117: =_xlfn.XLOOKUP(S117, AnglePowerMatching!$H:$H, AnglePowerMatching!$D:$D, "NaN") -> NaN | Q117: =NOT(OR(C117=0,D117=0)) -> TRUE | R117: =VALUE(_xlfn.TEXTBEFORE(A117, {"L","R"}, , , , A117)) -> 948 | S117: =R117 & TEXT(B117, "yyyymmdd") -> 94820250809
A118: 948L | B118: 2025-08-10 | C118: 70.833333 | D118: 70.103093 | E118: 7 | F118: 6 | G118: 68 | H118: 68 | I118: 103 | J118: 103 | K118: 6.7961165 | L118: 5.8252427 | M118: 0.30120588 | N118: 0.29051471 | O118: =_xlfn.XLOOKUP(S118, AnglePowerMatching!$H:$H, AnglePowerMatching!$C:$C, "NaN") -> NaN | P118: =_xlfn.XLOOKUP(S118, AnglePowerMatching!$H:$H, AnglePowerMatching!$D:$D, "NaN") -> NaN | Q118: =NOT(OR(C118=0,D118=0)) -> TRUE | R118: =VALUE(_xlfn.TEXTBEFORE(A118, {"L","R"}, , , , A118)) -> 948 | S118: =R118 & TEXT(B118, "yyyymmdd") -> 94820250810
... A120: 948L | B120: 2025-08-12 | C120: 90.909091 | D120: 90 | E120: 0 | F120: 1 | G120: 110 | H120: 108 | I120: 121 | J120: 121 | K120: 0 | L120: 0.82644628 | M120: 0.35438182 | N120: 0.35283333 | O120: =_xlfn.XLOOKUP(S120, AnglePowerMatching!$H:$H, AnglePowerMatching!$C:$C, "NaN") -> NaN | P120: =_xlfn.XLOOKUP(S120, AnglePowerMatching!$H:$H, AnglePowerMatching!$D:$D, "NaN") -> NaN | Q120: =NOT(OR(C120=0,D120=0)) -> TRUE | R120: =VALUE(_xlfn.TEXTBEFORE(A120, {"L","R"}, , , , A120)) -> 948 | S120: =R120 & TEXT(B120, "yyyymmdd") -> 94820250812
A121: 948L | B121: 2025-08-13 | C121: 0 | E121: 2 | F121: 4 | G121: 0 | H121: 0 | I121: 3 | J121: 4 | K121: 66.666667 | L121: 100 | O121: =_xlfn.XLOOKUP(S121, AnglePowerMatching!$H:$H, AnglePowerMatching!$C:$C, "NaN") -> 26 | P121: =_xlfn.XLOOKUP(S121, AnglePowerMatching!$H:$H, AnglePowerMatching!$D:$D, "NaN") -> 3 | Q121: =NOT(OR(C121=0,D121=0)) -> FALSE | R121: =VALUE(_xlfn.TEXTBEFORE(A121, {"L","R"}, , , , A121)) -> 948 | S121: =R121 & TEXT(B121, "yyyymmdd") -> 94820250813
A122: 948L | B122: 2025-08-13 | D122: 100 | E122: 0 | F122: 0 | G122: 0 | H122: 1 | I122: 0 | J122: 1 | K122: 0 | L122: 0 | N122: 0.296 | O122: =_xlfn.XLOOKUP(S122, AnglePowerMatching!$H:$H, AnglePowerMatching!$C:$C, "NaN") -> 26 | P122: =_xlfn.XLOOKUP(S122, AnglePowerMatching!$H:$H, AnglePowerMatching!$D:$D, "NaN") -> 3 | Q122: =NOT(OR(C122=0,D122=0)) -> FALSE | R122: =VALUE(_xlfn.TEXTBEFORE(A122, {"L","R"}, , , , A122)) -> 948 | S122: =R122 & TEXT(B122, "yyyymmdd") -> 94820250813
A123: 948L | B123: 2025-08-13 | C123: 87.387387 | D123: 92.105263 | E123: 13 | F123: 10 | G123: 97 | H123: 105 | I123: 124 | J123: 124 | K123: 10.483871 | L123: 8.0645161 | M123: 0.36769072 | N123: 0.3762 | O123: =_xlfn.XLOOKUP(S123, AnglePowerMatching!$H:$H, AnglePowerMatching!$C:$C, "NaN") -> 26 | P123: =_xlfn.XLOOKUP(S123, AnglePowerMatching!$H:$H, AnglePowerMatching!$D:$D, "NaN") -> 3 | Q123: =NOT(OR(C123=0,D123=0)) -> TRUE | R123: =VALUE(_xlfn.TEXTBEFORE(A123, {"L","R"}, , , , A123)) -> 948 | S123: =R123 & TEXT(B123, "yyyymmdd") -> 94820250813
A124: 948L | B124: 2025-08-14 | C124: 79.824561 | D124: 83.333333 | E124: 0 | F124: 0 | G124: 91 | H124: 95 | I124: 114 | J124: 114 | K124: 0 | L124: 0 | M124: 0.33020879 | N124: 0.31454737 | O124: =_xlfn.XLOOKUP(S124, AnglePowerMatching!$H:$H, AnglePowerMatching!$C:$C, "NaN") -> 26 | P124: =_xlfn.XLOOKUP(S124, AnglePowerMatching!$H:$H, AnglePowerMatching!$D:$D, "NaN") -> 5 | Q124: =NOT(OR(C124=0,D124=0)) -> TRUE | R124: =VALUE(_xlfn.TEXTBEFORE(A124, {"L","R"}, , , , A124)) -> 948 | S124: =R124 & TEXT(B124, "yyyymmdd") -> 94820250814
A125: 948L | B125: 2025-08-15 | C125: 88.235294 | D125: 90.082645 | E125: 5 | F125: 3 | G125: 105 | H125: 109 | I125: 124 | J125: 124 | K125: 4.0322581 | L125: 2.4193548 | M125: 0.33618095 | N125: 0.33287156 | O125: =_xlfn.XLOOKUP(S125, AnglePowerMatching!$H:$H, AnglePowerMatching!$C:$C, "NaN") -> 26 | P125: =_xlfn.XLOOKUP(S125, AnglePowerMatching!$H:$H, AnglePowerMatching!$D:$D, "NaN") -> 10 | Q125: =NOT(OR(C125=0,D125=0)) -> TRUE | R125: =VALUE(_xlfn.TEXTBEFORE(A125, {"L","R"}, , , , A125)) -> 948 | S125: =R125 & TEXT(B125, "yyyymmdd") -> 94820250815
A126: 948L | B126: 2025-08-16 | C126: 71.052632 | D126: 68.376068 | E126: 6 | F126: 3 | G126: 81 | H126: 80 | I126: 120 | J126: 120 | K126: 5 | L126: 2.5 | M126: 0.26251852 | N126: 0.26365 | O126: =_xlfn.XLOOKUP(S126, AnglePowerMatching!$H:$H, AnglePowerMatching!$C:$C, "NaN") -> 16 | P126: =_xlfn.XLOOKUP(S126, AnglePowerMatching!$H:$H, AnglePowerMatching!$D:$D, "NaN") -> 3 | Q126: =NOT(OR(C126=0,D126=0)) -> TRUE | R126: =VALUE(_xlfn.TEXTBEFORE(A126, {"L","R"}, , , , A126)) -> 948 | S126: =R126 & TEXT(B126, "yyyymmdd") -> 94820250816
A127: 948L | B127: 2025-08-17 | D127: 0 | E127: 12 | F127: 11 | G127: 0 | H127: 0 | I127: 12 | J127: 12 | K127: 100 | L127: 91.666667 | O127: =_xlfn.XLOOKUP(S127, AnglePowerMatching!$H:$H, AnglePowerMatching!$C:$C, "NaN") -> NaN | P127: =_xlfn.XLOOKUP(S127, AnglePowerMatching!$H:$H, AnglePowerMatching!$D:$D, "NaN") -> NaN | Q127: =NOT(OR(C127=0,D127=0)) -> FALSE | R127: =VALUE(_xlfn.TEXTBEFORE(A127, {"L","R"}, , , , A127)) -> 948 | S127: =R127 & TEXT(B127, "yyyymmdd") -> 94820250817
A128: 948L | B128: 2025-08-18 | C128: 76.724138 | D128: 74.137931 | E128: 4 | F128: 4 | G128: 89 | H128: 86 | I128: 120 | J128: 120 | K128: 3.3333333 | L128: 3.3333333 | M128: 0.31822472 | N128: 0.31924419 | O128: =_xlfn.XLOOKUP(S128, AnglePowerMatching!$H:$H, AnglePowerMatching!$C:$C, "NaN") -> NaN | P128: =_xlfn.XLOOKUP(S128, AnglePowerMatching!$H:$H, AnglePowerMatching!$D:$D, "NaN") -> NaN | Q128: =NOT(OR(C128=0,D128=0)) -> TRUE | R128: =VALUE(_xlfn.TEXTBEFORE(A128, {"L","R"}, , , , A128)) -> 948 | S128: =R128 & TEXT(B128, "yyyymmdd") -> 94820250818
A129: 948L | B129: 2025-08-19 | C129: 85.833333 | D129: 83.62069 | E129: 16 | F129: 20 | G129: 103 | H129: 97 | I129: 136 | J129: 136 | K129: 11.764706 | L129: 14.705882 | M129: 0.4845534 | N129: 0.47910309 | O129: =_xlfn.XLOOKUP(S129, AnglePowerMatching!$H:$H, AnglePowerMatching!$C:$C, "NaN") -> NaN | P129: =_xlfn.XLOOKUP(S129, AnglePowerMatching!$H:$H, AnglePowerMatching!$D:$D, "NaN") -> NaN | Q129: =NOT(OR(C129=0,D129=0)) -> TRUE | R129: =VALUE(_xlfn.TEXTBEFORE(A129, {"L","R"}, , , , A129)) -> 948 | S129: =R129 & TEXT(B129, "yyyymmdd") -> 94820250819
A130: 948L | B130: 2025-08-20 | C130: 82.926829 | D130: 81.147541 | E130: 0 | F130: 1 | G130: 102 | H130: 99 | I130: 123 | J130: 123 | K130: 0 | L130: 0.81300813 | M130: 0.30909804 | N130: 0.29237374 | O130: =_xlfn.XLOOKUP(S130, AnglePowerMatching!$H:$H, AnglePowerMatching!$C:$C, "NaN") -> 16 | P130: =_xlfn.XLOOKUP(S130, AnglePowerMatching!$H:$H, AnglePowerMatching!$D:$D, "NaN") -> 3 | Q130: =NOT(OR(C130=0,D130=0)) -> TRUE | R130: =VALUE(_xlfn.TEXTBEFORE(A130, {"L","R"}, , , , A130)) -> 948 | S130: =R130 & TEXT(B130, "yyyymmdd") -> 94820250820
A131: 948L | B131: 2025-08-21 | C131: 72.932331 | D131: 76.153846 | E131: 0 | F131: 2 | G131: 97 | H131: 99 | I131: 133 | J131: 132 | K131: 0 | L131: 1.5151515 | M131: 0.27123711 | N131: 0.27539394 | O131: =_xlfn.XLOOKUP(S131, AnglePowerMatching!$H:$H, AnglePowerMatching!$C:$C, "NaN") -> 16 | P131: =_xlfn.XLOOKUP(S131, AnglePowerMatching!$H:$H, AnglePowerMatching!$D:$D, "NaN") -> 5 | Q131: =NOT(OR(C131=0,D131=0)) -> TRUE | R131: =VALUE(_xlfn.TEXTBEFORE(A131, {"L","R"}, , , , A131)) -> 948 | S131: =R131 & TEXT(B131, "yyyymmdd") -> 94820250821
A132: 948L | B132: 2025-08-22 | C132: 50 | D132: 66.666667 | E132: 0 | F132: 0 | G132: 1 | H132: 2 | I132: 2 | J132: 3 | K132: 0 | L132: 0 | M132: 0.307 | N132: 0.3905 | O132: =_xlfn.XLOOKUP(S132, AnglePowerMatching!$H:$H, AnglePowerMatching!$C:$C, "NaN") -> 16 | P132: =_xlfn.XLOOKUP(S132, AnglePowerMatching!$H:$H, AnglePowerMatching!$D:$D, "NaN") -> 10 | Q132: =NOT(OR(C132=0,D132=0)) -> TRUE | R132: =VALUE(_xlfn.TEXTBEFORE(A132, {"L","R"}, , , , A132)) -> 948 | S132: =R132 & TEXT(B132, "yyyymmdd") -> 94820250822
A133: 948L | B133: 2025-08-22 | C133: 79.824561 | D133: 86.086957 | E133: 8 | F133: 9 | G133: 91 | H133: 99 | I133: 122 | J133: 124 | K133: 6.557377 | L133: 7.2580645 | M133: 0.44837363 | N133: 0.45308081 | O133: =_xlfn.XLOOKUP(S133, AnglePowerMatching!$H:$H, AnglePowerMatching!$C:$C, "NaN") -> 16 | P133: =_xlfn.XLOOKUP(S133, AnglePowerMatching!$H:$H, AnglePowerMatching!$D:$D, "NaN") -> 10 | Q133: =NOT(OR(C133=0,D133=0)) -> TRUE | R133: =VALUE(_xlfn.TEXTBEFORE(A133, {"L","R"}, , , , A133)) -> 948 | S133: =R133 & TEXT(B133, "yyyymmdd") -> 94820250822
A134: 948L | B134: 2025-08-27 | C134: 71.794872 | D134: 61.666667 | E134: 3 | F134: 0 | G134: 84 | H134: 74 | I134: 120 | J134: 120 | K134: 2.5 | L134: 0 | M134: 0.39688095 | N134: 0.41227027 | O134: =_xlfn.XLOOKUP(S134, AnglePowerMatching!$H:$H, AnglePowerMatching!$C:$C, "NaN") -> 8.7 | P134: =_xlfn.XLOOKUP(S134, AnglePowerMatching!$H:$H, AnglePowerMatching!$D:$D, "NaN") -> 3 | Q134: =NOT(OR(C134=0,D134=0)) -> TRUE | R134: =VALUE(_xlfn.TEXTBEFORE(A134, {"L","R"}, , , , A134)) -> 948 | S134: =R134 & TEXT(B134, "yyyymmdd") -> 94820250827
A135: 948L | B135: 2025-08-28 | C135: 65.546218 | D135: 54.166667 | E135: 1 | F135: 0 | G135: 78 | H135: 65 | I135: 120 | J135: 120 | K135: 0.83333333 | L135: 0 | M135: 0.26976923 | N135: 0.25603077 | O135: =_xlfn.XLOOKUP(S135, AnglePowerMatching!$H:$H, AnglePowerMatching!$C:$C, "NaN") -> 8.7 | P135: =_xlfn.XLOOKUP(S135, AnglePowerMatching!$H:$H, AnglePowerMatching!$D:$D, "NaN") -> 5 | Q135: =NOT(OR(C135=0,D135=0)) -> TRUE | R135: =VALUE(_xlfn.TEXTBEFORE(A135, {"L","R"}, , , , A135)) -> 948 | S135: =R135 & TEXT(B135, "yyyymmdd") -> 94820250828
A136: 949 | B136: 2025-09-21 | C136: 82.258065 | D136: 71.186441 | E136: 61 | F136: 64 | G136: 51 | H136: 42 | I136: 123 | J136: 123 | K136: 49.593496 | L136: 52.03252 | M136: 0.54680392 | N136: 0.46378571 | O136: =_xlfn.XLOOKUP(S136, AnglePowerMatching!$H:$H, AnglePowerMatching!$C:$C, "NaN") -> NaN | P136: =_xlfn.XLOOKUP(S136, AnglePowerMatching!$H:$H, AnglePowerMatching!$D:$D, "NaN") -> NaN | Q136: =NOT(OR(C136=0,D136=0)) -> TRUE | R136: =VALUE(_xlfn.TEXTBEFORE(A136, {"L","R"}, , , , A136)) -> 949 | S136: =R136 & TEXT(B136, "yyyymmdd") -> 94920250921
A137: 949 | B137: 2025-09-23 | C137: 62.711864 | D137: 61.864407 | E137: 2 | F137: 2 | G137: 74 | H137: 73 | I137: 120 | J137: 120 | K137: 1.6666667 | L137: 1.6666667 | M137: 0.36732432 | N137: 0.41623288 | O137: =_xlfn.XLOOKUP(S137, AnglePowerMatching!$H:$H, AnglePowerMatching!$C:$C, "NaN") -> 66 | P137: =_xlfn.XLOOKUP(S137, AnglePowerMatching!$H:$H, AnglePowerMatching!$D:$D, "NaN") -> 10 | Q137: =NOT(OR(C137=0,D137=0)) -> TRUE | R137: =VALUE(_xlfn.TEXTBEFORE(A137, {"L","R"}, , , , A137)) -> 949 | S137: =R137 & TEXT(B137, "yyyymmdd") -> 94920250923
A138: 949 | B138: 2025-09-28 | C138: 71.428571 | D138: 71.666667 | E138: 1 | F138: 0 | G138: 85 | H138: 86 | I138: 120 | J138: 120 | K138: 0.83333333 | L138: 0 | M138: 0.44888235 | N138: 0.44530233 | O138: =_xlfn.XLOOKUP(S138, AnglePowerMatching!$H:$H, AnglePowerMatching!$C:$C, "NaN") -> 90 | P138: =_xlfn.XLOOKUP(S138, AnglePowerMatching!$H:$H, AnglePowerMatching!$D:$D, "NaN") -> 3 | Q138: =NOT(OR(C138=0,D138=0)) -> TRUE | R138: =VALUE(_xlfn.TEXTBEFORE(A138, {"L","R"}, , , , A138)) -> 949 | S138: =R138 & TEXT(B138, "yyyymmdd") -> 94920250928
A139: 949 | B139: 2025-09-29 | C139: 60 | D139: 65 | E139: 0 | F139: 0 | G139: 72 | H139: 78 | I139: 120 | J139: 120 | K139: 0 | L139: 0 | M139: 0.34811111 | N139: 0.34829487 | O139: =_xlfn.XLOOKUP(S139, AnglePowerMatching!$H:$H, AnglePowerMatching!$C:$C, "NaN") -> 90 | P139: =_xlfn.XLOOKUP(S139, AnglePowerMatching!$H:$H, AnglePowerMatching!$D:$D, "NaN") -> 5 | Q139: =NOT(OR(C139=0,D139=0)) -> TRUE | R139: =VALUE(_xlfn.TEXTBEFORE(A139, {"L","R"}, , , , A139)) -> 949 | S139: =R139 & TEXT(B139, "yyyymmdd") -> 94920250929
... A168: 950 | B168: 2025-09-23 | C168: 75 | D168: 77.894737 | E168: 24 | F168: 25 | G168: 72 | H168: 74 | I168: 120 | J168: 120 | K168: 20 | L168: 20.833333 | M168: 0.45925 | N168: 0.43716216 | O168: =_xlfn.XLOOKUP(S168, AnglePowerMatching!$H:$H, AnglePowerMatching!$C:$C, "NaN") -> 16 | P168: =_xlfn.XLOOKUP(S168, AnglePowerMatching!$H:$H, AnglePowerMatching!$D:$D, "NaN") -> 10 | Q168: =NOT(OR(C168=0,D168=0)) -> TRUE | R168: =VALUE(_xlfn.TEXTBEFORE(A168, {"L","R"}, , , , A168)) -> 950 | S168: =R168 & TEXT(B168, "yyyymmdd") -> 95020250923
A169: 950 | B169: 2025-10-12 | E169: 0 | F169: 1 | G169: 0 | H169: 1 | I169: 0 | J169: 1 | K169: 0 | L169: 100 | N169: 15.458 | O169: =_xlfn.XLOOKUP(S169, AnglePowerMatching!$H:$H, AnglePowerMatching!$C:$C, "NaN") -> 66 | P169: =_xlfn.XLOOKUP(S169, AnglePowerMatching!$H:$H, AnglePowerMatching!$D:$D, "NaN") -> 10 masker | Q169: =NOT(OR(C169=0,D169=0)) -> FALSE | R169: =VALUE(_xlfn.TEXTBEFORE(A169, {"L","R"}, , , , A169)) -> 950 | S169: =R169 & TEXT(B169, "yyyymmdd") -> 95020251012
A170: 950 | B170: 2025-10-12 | C170: 94.495413 | D170: 90 | E170: 11 | F170: 10 | G170: 103 | H170: 99 | I170: 120 | J170: 120 | K170: 9.1666667 | L170: 8.3333333 | M170: 0.48242718 | N170: 0.48735354 | O170: =_xlfn.XLOOKUP(S170, AnglePowerMatching!$H:$H, AnglePowerMatching!$C:$C, "NaN") -> 66 | P170: =_xlfn.XLOOKUP(S170, AnglePowerMatching!$H:$H, AnglePowerMatching!$D:$D, "NaN") -> 10 masker | Q170: =NOT(OR(C170=0,D170=0)) -> TRUE | R170: =VALUE(_xlfn.TEXTBEFORE(A170, {"L","R"}, , , , A170)) -> 950 | S170: =R170 & TEXT(B170, "yyyymmdd") -> 95020251012
A171: 950 | B171: 2025-10-12 | D171: 0 | E171: 0 | F171: 0 | G171: 0 | H171: 0 | I171: 0 | J171: 1 | K171: 0 | L171: 0 | O171: =_xlfn.XLOOKUP(S171, AnglePowerMatching!$H:$H, AnglePowerMatching!$C:$C, "NaN") -> 66 | P171: =_xlfn.XLOOKUP(S171, AnglePowerMatching!$H:$H, AnglePowerMatching!$D:$D, "NaN") -> 10 masker | Q171: =NOT(OR(C171=0,D171=0)) -> FALSE | R171: =VALUE(_xlfn.TEXTBEFORE(A171, {"L","R"}, , , , A171)) -> 950 | S171: =R171 & TEXT(B171, "yyyymmdd") -> 95020251012
A172: 950 | B172: 2025-10-22 | C172: 72.222222 | D172: 55.454545 | E172: 12 | F172: 10 | G172: 78 | H172: 61 | I172: 120 | J172: 120 | K172: 10 | L172: 8.3333333 | M172: 0.38339744 | N172: 0.33839344 | O172: =_xlfn.XLOOKUP(S172, AnglePowerMatching!$H:$H, AnglePowerMatching!$C:$C, "NaN") -> 66 | P172: =_xlfn.XLOOKUP(S172, AnglePowerMatching!$H:$H, AnglePowerMatching!$D:$D, "NaN") -> 3 masker | Q172: =NOT(OR(C172=0,D172=0)) -> TRUE | R172: =VALUE(_xlfn.TEXTBEFORE(A172, {"L","R"}, , , , A172)) -> 950 | S172: =R172 & TEXT(B172, "yyyymmdd") -> 95020251022
A173: 950 | B173: 2025-10-25 | C173: 74.074074 | D173: 83.516484 | E173: 39 | F173: 29 | G173: 60 | H173: 76 | I173: 120 | J173: 120 | K173: 32.5 | L173: 24.166667 | M173: 0.51518333 | N173: 0.56534211 | O173: =_xlfn.XLOOKUP(S173, AnglePowerMatching!$H:$H, AnglePowerMatching!$C:$C, "NaN") -> 66 | P173: =_xlfn.XLOOKUP(S173, AnglePowerMatching!$H:$H, AnglePowerMatching!$D:$D, "NaN") -> 5 masker | Q173: =NOT(OR(C173=0,D173=0)) -> TRUE | R173: =VALUE(_xlfn.TEXTBEFORE(A173, {"L","R"}, , , , A173)) -> 950 | S173: =R173 & TEXT(B173, "yyyymmdd") -> 95020251025
A174: 950 | B174: 2025-10-28 | C174: 75.652174 | D174: 81.578947 | E174: 5 | F174: 6 | G174: 87 | H174: 93 | I174: 120 | J174: 120 | K174: 4.1666667 | L174: 5 | M174: 0.43387356 | N174: 0.41483871 | O174: =_xlfn.XLOOKUP(S174, AnglePowerMatching!$H:$H, AnglePowerMatching!$C:$C, "NaN") -> 66 | P174: =_xlfn.XLOOKUP(S174, AnglePowerMatching!$H:$H, AnglePowerMatching!$D:$D, "NaN") -> 10 masker | Q174: =NOT(OR(C174=0,D174=0)) -> TRUE | R174: =VALUE(_xlfn.TEXTBEFORE(A174, {"L","R"}, , , , A174)) -> 950 | S174: =R174 & TEXT(B174, "yyyymmdd") -> 95020251028
A175: 950 | B175: 2025-11-05 | C175: 71.818182 | D175: 72.222222 | E175: 10 | F175: 12 | G175: 79 | H175: 78 | I175: 120 | J175: 120 | K175: 8.3333333 | L175: 10 | M175: 0.58421519 | N175: 0.56216667 | O175: =_xlfn.XLOOKUP(S175, AnglePowerMatching!$H:$H, AnglePowerMatching!$C:$C, "NaN") -> 35 | P175: =_xlfn.XLOOKUP(S175, AnglePowerMatching!$H:$H, AnglePowerMatching!$D:$D, "NaN") -> 3 masker | Q175: =NOT(OR(C175=0,D175=0)) -> TRUE | R175: =VALUE(_xlfn.TEXTBEFORE(A175, {"L","R"}, , , , A175)) -> 950 | S175: =R175 & TEXT(B175, "yyyymmdd") -> 95020251105
A176: 950 | B176: 2025-11-07 | C176: 57.758621 | D176: 59.663866 | E176: 4 | F176: 1 | G176: 67 | H176: 71 | I176: 120 | J176: 120 | K176: 3.3333333 | L176: 0.83333333 | M176: 0.38565672 | N176: 0.38864789 | O176: =_xlfn.XLOOKUP(S176, AnglePowerMatching!$H:$H, AnglePowerMatching!$C:$C, "NaN") -> 35 | P176: =_xlfn.XLOOKUP(S176, AnglePowerMatching!$H:$H, AnglePowerMatching!$D:$D, "NaN") -> 5 masker | Q176: =NOT(OR(C176=0,D176=0)) -> TRUE | R176: =VALUE(_xlfn.TEXTBEFORE(A176, {"L","R"}, , , , A176)) -> 950 | S176: =R176 & TEXT(B176, "yyyymmdd") -> 95020251107
A177: 950 | B177: 2025-11-10 | C177: 59.615385 | D177: 54.205607 | E177: 16 | F177: 13 | G177: 62 | H177: 58 | I177: 120 | J177: 120 | K177: 13.333333 | L177: 10.833333 | M177: 0.36514516 | N177: 0.33631034 | O177: =_xlfn.XLOOKUP(S177, AnglePowerMatching!$H:$H, AnglePowerMatching!$C:$C, "NaN") -> 35 | P177: =_xlfn.XLOOKUP(S177, AnglePowerMatching!$H:$H, AnglePowerMatching!$D:$D, "NaN") -> 10 masker | Q177: =NOT(OR(C177=0,D177=0)) -> TRUE | R177: =VALUE(_xlfn.TEXTBEFORE(A177, {"L","R"}, , , , A177)) -> 950 | S177: =R177 & TEXT(B177, "yyyymmdd") -> 95020251110
A178: 950 | B178: 2025-11-21 | C178: 47.89916 | D178: 52.10084 | E178: 1 | F178: 1 | G178: 57 | H178: 62 | I178: 120 | J178: 120 | K178: 0.83333333 | L178: 0.83333333 | M178: 0.26680702 | N178: 0.26437097 | O178: =_xlfn.XLOOKUP(S178, AnglePowerMatching!$H:$H, AnglePowerMatching!$C:$C, "NaN") -> 16 | P178: =_xlfn.XLOOKUP(S178, AnglePowerMatching!$H:$H, AnglePowerMatching!$D:$D, "NaN") -> 5 masker | Q178: =NOT(OR(C178=0,D178=0)) -> TRUE | R178: =VALUE(_xlfn.TEXTBEFORE(A178, {"L","R"}, , , , A178)) -> 950 | S178: =R178 & TEXT(B178, "yyyymmdd") -> 95020251121
A179: 950 | B179: 2025-12-04 | C179: 47.5 | D179: 52.5 | E179: 0 | F179: 0 | G179: 57 | H179: 63 | I179: 120 | J179: 120 | K179: 0 | L179: 0 | M179: 0.16252632 | N179: 0.14961905 | O179: =_xlfn.XLOOKUP(S179, AnglePowerMatching!$H:$H, AnglePowerMatching!$C:$C, "NaN") -> 16 | P179: =_xlfn.XLOOKUP(S179, AnglePowerMatching!$H:$H, AnglePowerMatching!$D:$D, "NaN") -> 10 masker | Q179: =NOT(OR(C179=0,D179=0)) -> TRUE | R179: =VALUE(_xlfn.TEXTBEFORE(A179, {"L","R"}, , , , A179)) -> 950 | S179: =R179 & TEXT(B179, "yyyymmdd") -> 95020251204
A180: 950 | B180: 2025-12-15 | C180: 63.636364 | D180: 53.719008 | E180: 0 | F180: 0 | G180: 77 | H180: 65 | I180: 121 | J180: 121 | K180: 0 | L180: 0 | M180: 0.24016883 | N180: 0.24736923 | O180: =_xlfn.XLOOKUP(S180, AnglePowerMatching!$H:$H, AnglePowerMatching!$C:$C, "NaN") -> 66 | P180: =_xlfn.XLOOKUP(S180, AnglePowerMatching!$H:$H, AnglePowerMatching!$D:$D, "NaN") -> 3 | Q180: =NOT(OR(C180=0,D180=0)) -> TRUE | R180: =VALUE(_xlfn.TEXTBEFORE(A180, {"L","R"}, , , , A180)) -> 950 | S180: =R180 & TEXT(B180, "yyyymmdd") -> 95020251215
A181: 950 | B181: 2025-12-16 | C181: 0 | E181: 119 | F181: 120 | G181: 0 | H181: 0 | I181: 120 | J181: 120 | K181: 99.166667 | L181: 100 | O181: =_xlfn.XLOOKUP(S181, AnglePowerMatching!$H:$H, AnglePowerMatching!$C:$C, "NaN") -> NaN | P181: =_xlfn.XLOOKUP(S181, AnglePowerMatching!$H:$H, AnglePowerMatching!$D:$D, "NaN") -> NaN | Q181: =NOT(OR(C181=0,D181=0)) -> FALSE | R181: =VALUE(_xlfn.TEXTBEFORE(A181, {"L","R"}, , , , A181)) -> 950 | S181: =R181 & TEXT(B181, "yyyymmdd") -> 95020251216
A182: 950 | B182: 2025-12-17 | C182: 61.157025 | D182: 64.754098 | E182: 0 | F182: 0 | G182: 74 | H182: 79 | I182: 121 | J182: 122 | K182: 0 | L182: 0 | M182: 0.25068919 | N182: 0.24381013 | O182: =_xlfn.XLOOKUP(S182, AnglePowerMatching!$H:$H, AnglePowerMatching!$C:$C, "NaN") -> 66 | P182: =_xlfn.XLOOKUP(S182, AnglePowerMatching!$H:$H, AnglePowerMatching!$D:$D, "NaN") -> 3 | Q182: =NOT(OR(C182=0,D182=0)) -> TRUE | R182: =VALUE(_xlfn.TEXTBEFORE(A182, {"L","R"}, , , , A182)) -> 950 | S182: =R182 & TEXT(B182, "yyyymmdd") -> 95020251217
A183: 950 | B183: 2025-12-18 | C183: 48.760331 | D183: 47.457627 | E183: 0 | F183: 2 | G183: 59 | H183: 56 | I183: 121 | J183: 120 | K183: 0 | L183: 1.6666667 | M183: 0.19337288 | N183: 0.17480357 | O183: =_xlfn.XLOOKUP(S183, AnglePowerMatching!$H:$H, AnglePowerMatching!$C:$C, "NaN") -> 66 | P183: =_xlfn.XLOOKUP(S183, AnglePowerMatching!$H:$H, AnglePowerMatching!$D:$D, "NaN") -> 5 masker | Q183: =NOT(OR(C183=0,D183=0)) -> TRUE | R183: =VALUE(_xlfn.TEXTBEFORE(A183, {"L","R"}, , , , A183)) -> 950 | S183: =R183 & TEXT(B183, "yyyymmdd") -> 95020251218
A184: 950 | B184: 2025-12-30 | C184: 71.666667 | D184: 81.666667 | E184: 0 | F184: 0 | G184: 86 | H184: 98 | I184: 120 | J184: 120 | K184: 0 | L184: 0 | M184: 0.33126744 | N184: 0.3395 | O184: =_xlfn.XLOOKUP(S184, AnglePowerMatching!$H:$H, AnglePowerMatching!$C:$C, "NaN") -> 90 | P184: =_xlfn.XLOOKUP(S184, AnglePowerMatching!$H:$H, AnglePowerMatching!$D:$D, "NaN") -> 5 | Q184: =NOT(OR(C184=0,D184=0)) -> TRUE | R184: =VALUE(_xlfn.TEXTBEFORE(A184, {"L","R"}, , , , A184)) -> 950 | S184: =R184 & TEXT(B184, "yyyymmdd") -> 95020251230
A185: 950 | B185: 2025-12-31 | C185: 71.052632 | D185: 74.107143 | E185: 6 | F185: 8 | G185: 81 | H185: 83 | I185: 120 | J185: 120 | K185: 5 | L185: 6.6666667 | M185: 0.38628395 | N185: 0.38574699 | O185: =_xlfn.XLOOKUP(S185, AnglePowerMatching!$H:$H, AnglePowerMatching!$C:$C, "NaN") -> 90 | P185: =_xlfn.XLOOKUP(S185, AnglePowerMatching!$H:$H, AnglePowerMatching!$D:$D, "NaN") -> 10 | Q185: =NOT(OR(C185=0,D185=0)) -> TRUE | R185: =VALUE(_xlfn.TEXTBEFORE(A185, {"L","R"}, , , , A185)) -> 950 | S185: =R185 & TEXT(B185, "yyyymmdd") -> 95020251231
A186: 950 | B186: 2026-01-12 | C186: 81.666667 | D186: 75.833333 | E186: 0 | F186: 0 | G186: 98 | H186: 91 | I186: 120 | J186: 120 | K186: 0 | L186: 0 | M186: 0.39845918 | N186: 0.42502198 | O186: =_xlfn.XLOOKUP(S186, AnglePowerMatching!$H:$H, AnglePowerMatching!$C:$C, "NaN") -> 66 | P186: =_xlfn.XLOOKUP(S186, AnglePowerMatching!$H:$H, AnglePowerMatching!$D:$D, "NaN") -> 3 masker | Q186: =NOT(OR(C186=0,D186=0)) -> TRUE | R186: =VALUE(_xlfn.TEXTBEFORE(A186, {"L","R"}, , , , A186)) -> 950 | S186: =R186 & TEXT(B186, "yyyymmdd") -> 95020260112
A187: 950 | B187: 2026-01-13 | C187: 75.221239 | D187: 75 | E187: 7 | F187: 12 | G187: 85 | H187: 81 | I187: 120 | J187: 120 | K187: 5.8333333 | L187: 10 | M187: 0.62465882 | N187: 0.58017284 | O187: =_xlfn.XLOOKUP(S187, AnglePowerMatching!$H:$H, AnglePowerMatching!$C:$C, "NaN") -> 66 | P187: =_xlfn.XLOOKUP(S187, AnglePowerMatching!$H:$H, AnglePowerMatching!$D:$D, "NaN") -> 5 masker | Q187: =NOT(OR(C187=0,D187=0)) -> TRUE | R187: =VALUE(_xlfn.TEXTBEFORE(A187, {"L","R"}, , , , A187)) -> 950 | S187: =R187 & TEXT(B187, "yyyymmdd") -> 95020260113
A188: 950 | B188: 2026-01-14 | C188: 67.521368 | D188: 70.08547 | E188: 3 | F188: 3 | G188: 79 | H188: 82 | I188: 120 | J188: 120 | K188: 2.5 | L188: 2.5 | M188: 0.40256962 | N188: 0.38843902 | O188: =_xlfn.XLOOKUP(S188, AnglePowerMatching!$H:$H, AnglePowerMatching!$C:$C, "NaN") -> 66 | P188: =_xlfn.XLOOKUP(S188, AnglePowerMatching!$H:$H, AnglePowerMatching!$D:$D, "NaN") -> 10 masker | Q188: =NOT(OR(C188=0,D188=0)) -> TRUE | R188: =VALUE(_xlfn.TEXTBEFORE(A188, {"L","R"}, , , , A188)) -> 950 | S188: =R188 & TEXT(B188, "yyyymmdd") -> 95020260114
A189: 950L | B189: 2025-08-13 | C189: 93.103448 | D189: 87.368421 | E189: 37 | F189: 29 | G189: 81 | H189: 83 | I189: 124 | J189: 124 | K189: 29.83871 | L189: 23.387097 | M189: 0.63844444 | N189: 0.57750602 | O189: =_xlfn.XLOOKUP(S189, AnglePowerMatching!$H:$H, AnglePowerMatching!$C:$C, "NaN") -> 66 | P189: =_xlfn.XLOOKUP(S189, AnglePowerMatching!$H:$H, AnglePowerMatching!$D:$D, "NaN") -> 3 | Q189: =NOT(OR(C189=0,D189=0)) -> TRUE | R189: =VALUE(_xlfn.TEXTBEFORE(A189, {"L","R"}, , , , A189)) -> 950 | S189: =R189 & TEXT(B189, "yyyymmdd") -> 95020250813
A190: 950L | B190: 2025-08-14 | C190: 85.714286 | D190: 77.884615 | E190: 16 | F190: 10 | G190: 84 | H190: 81 | I190: 114 | J190: 114 | K190: 14.035088 | L190: 8.7719298 | M190: 0.40202381 | N190: 0.48335802 | O190: =_xlfn.XLOOKUP(S190, AnglePowerMatching!$H:$H, AnglePowerMatching!$C:$C, "NaN") -> 66 | P190: =_xlfn.XLOOKUP(S190, AnglePowerMatching!$H:$H, AnglePowerMatching!$D:$D, "NaN") -> 5 | Q190: =NOT(OR(C190=0,D190=0)) -> TRUE | R190: =VALUE(_xlfn.TEXTBEFORE(A190, {"L","R"}, , , , A190)) -> 950 | S190: =R190 & TEXT(B190, "yyyymmdd") -> 95020250814
A191: 950L | B191: 2025-08-15 | C191: 89.814815 | D191: 89.908257 | E191: 16 | F191: 15 | G191: 97 | H191: 98 | I191: 124 | J191: 124 | K191: 12.903226 | L191: 12.096774 | M191: 0.58158763 | N191: 0.47005102 | O191: =_xlfn.XLOOKUP(S191, AnglePowerMatching!$H:$H, AnglePowerMatching!$C:$C, "NaN") -> 66 | P191: =_xlfn.XLOOKUP(S191, AnglePowerMatching!$H:$H, AnglePowerMatching!$D:$D, "NaN") -> 10 | Q191: =NOT(OR(C191=0,D191=0)) -> TRUE | R191: =VALUE(_xlfn.TEXTBEFORE(A191, {"L","R"}, , , , A191)) -> 950 | S191: =R191 & TEXT(B191, "yyyymmdd") -> 95020250815
A192: 950L | B192: 2025-08-16 | C192: 77.966102 | D192: 81.818182 | E192: 2 | F192: 10 | G192: 92 | H192: 90 | I192: 120 | J192: 120 | K192: 1.6666667 | L192: 8.3333333 | M192: 0.58092391 | N192: 0.52676667 | O192: =_xlfn.XLOOKUP(S192, AnglePowerMatching!$H:$H, AnglePowerMatching!$C:$C, "NaN") -> NaN | P192: =_xlfn.XLOOKUP(S192, AnglePowerMatching!$H:$H, AnglePowerMatching!$D:$D, "NaN") -> NaN | Q192: =NOT(OR(C192=0,D192=0)) -> TRUE | R192: =VALUE(_xlfn.TEXTBEFORE(A192, {"L","R"}, , , , A192)) -> 950 | S192: =R192 & TEXT(B192, "yyyymmdd") -> 95020250816
A193: 950L | B193: 2025-08-17 | C193: 91.578947 | D193: 87.878788 | E193: 38 | F193: 35 | G193: 87 | H193: 87 | I193: 133 | J193: 134 | K193: 28.571429 | L193: 26.119403 | M193: 0.5974023 | N193: 0.62835632 | O193: =_xlfn.XLOOKUP(S193, AnglePowerMatching!$H:$H, AnglePowerMatching!$C:$C, "NaN") -> NaN | P193: =_xlfn.XLOOKUP(S193, AnglePowerMatching!$H:$H, AnglePowerMatching!$D:$D, "NaN") -> NaN | Q193: =NOT(OR(C193=0,D193=0)) -> TRUE | R193: =VALUE(_xlfn.TEXTBEFORE(A193, {"L","R"}, , , , A193)) -> 950 | S193: =R193 & TEXT(B193, "yyyymmdd") -> 95020250817
A194: 950L | B194: 2025-08-17 | D194: 0 | E194: 12 | F194: 11 | G194: 0 | H194: 0 | I194: 12 | J194: 12 | K194: 100 | L194: 91.666667 | O194: =_xlfn.XLOOKUP(S194, AnglePowerMatching!$H:$H, AnglePowerMatching!$C:$C, "NaN") -> NaN | P194: =_xlfn.XLOOKUP(S194, AnglePowerMatching!$H:$H, AnglePowerMatching!$D:$D, "NaN") -> NaN | Q194: =NOT(OR(C194=0,D194=0)) -> FALSE | R194: =VALUE(_xlfn.TEXTBEFORE(A194, {"L","R"}, , , , A194)) -> 950 | S194: =R194 & TEXT(B194, "yyyymmdd") -> 95020250817
A195: 950L | B195: 2025-08-19 | C195: 89.430894 | D195: 80.487805 | E195: 13 | F195: 13 | G195: 110 | H195: 99 | I195: 136 | J195: 136 | K195: 9.5588235 | L195: 9.5588235 | M195: 0.38036364 | N195: 0.37775758 | O195: =_xlfn.XLOOKUP(S195, AnglePowerMatching!$H:$H, AnglePowerMatching!$C:$C, "NaN") -> NaN | P195: =_xlfn.XLOOKUP(S195, AnglePowerMatching!$H:$H, AnglePowerMatching!$D:$D, "NaN") -> NaN | Q195: =NOT(OR(C195=0,D195=0)) -> TRUE | R195: =VALUE(_xlfn.TEXTBEFORE(A195, {"L","R"}, , , , A195)) -> 950 | S195: =R195 & TEXT(B195, "yyyymmdd") -> 95020250819
A196: 950L | B196: 2025-08-20 | C196: 93.693694 | D196: 94.545455 | E196: 12 | F196: 13 | G196: 104 | H196: 104 | I196: 123 | J196: 123 | K196: 9.7560976 | L196: 10.569106 | M196: 0.43649038 | N196: 0.42592308 | O196: =_xlfn.XLOOKUP(S196, AnglePowerMatching!$H:$H, AnglePowerMatching!$C:$C, "NaN") -> 90 | P196: =_xlfn.XLOOKUP(S196, AnglePowerMatching!$H:$H, AnglePowerMatching!$D:$D, "NaN") -> 3 | Q196: =NOT(OR(C196=0,D196=0)) -> TRUE | R196: =VALUE(_xlfn.TEXTBEFORE(A196, {"L","R"}, , , , A196)) -> 950 | S196: =R196 & TEXT(B196, "yyyymmdd") -> 95020250820
A197: 950L | B197: 2025-08-21 | C197: 88.073394 | D197: 86.842105 | E197: 24 | F197: 18 | G197: 96 | H197: 99 | I197: 133 | J197: 132 | K197: 18.045113 | L197: 13.636364 | M197: 0.37583333 | N197: 0.3699899 | O197: =_xlfn.XLOOKUP(S197, AnglePowerMatching!$H:$H, AnglePowerMatching!$C:$C, "NaN") -> 90 | P197: =_xlfn.XLOOKUP(S197, AnglePowerMatching!$H:$H, AnglePowerMatching!$D:$D, "NaN") -> 5 | Q197: =NOT(OR(C197=0,D197=0)) -> TRUE | R197: =VALUE(_xlfn.TEXTBEFORE(A197, {"L","R"}, , , , A197)) -> 950 | S197: =R197 & TEXT(B197, "yyyymmdd") -> 95020250821
A198: 950L | B198: 2025-08-22 | C198: 100 | D198: 33.333333 | E198: 0 | F198: 0 | G198: 2 | H198: 1 | I198: 2 | J198: 3 | K198: 0 | L198: 0 | M198: 0.318 | N198: 0.08 | O198: =_xlfn.XLOOKUP(S198, AnglePowerMatching!$H:$H, AnglePowerMatching!$C:$C, "NaN") -> 90 | P198: =_xlfn.XLOOKUP(S198, AnglePowerMatching!$H:$H, AnglePowerMatching!$D:$D, "NaN") -> 10 | Q198: =NOT(OR(C198=0,D198=0)) -> TRUE | R198: =VALUE(_xlfn.TEXTBEFORE(A198, {"L","R"}, , , , A198)) -> 950 | S198: =R198 & TEXT(B198, "yyyymmdd") -> 95020250822
A199: 950L | B199: 2025-08-22 | C199: 94.495413 | D199: 90.47619 | E199: 13 | F199: 19 | G199: 103 | H199: 95 | I199: 122 | J199: 124 | K199: 10.655738 | L199: 15.322581 | M199: 0.60800971 | N199: 0.60545263 | O199: =_xlfn.XLOOKUP(S199, AnglePowerMatching!$H:$H, AnglePowerMatching!$C:$C, "NaN") -> 90 | P199: =_xlfn.XLOOKUP(S199, AnglePowerMatching!$H:$H, AnglePowerMatching!$D:$D, "NaN") -> 10 | Q199: =NOT(OR(C199=0,D199=0)) -> TRUE | R199: =VALUE(_xlfn.TEXTBEFORE(A199, {"L","R"}, , , , A199)) -> 950 | S199: =R199 & TEXT(B199, "yyyymmdd") -> 95020250822
...

Sheet AnglePowerMatching
A1: ID | B1: Date | C1: Angle | D1: Power | G1: CleanID | H1: SEARCH | K1: Old:
A2: 1029R | B2: 45983 | C2: 66 | D2: 3 | G2: =VALUE(_xlfn.TEXTBEFORE(A2, {"L","R"}, , , , A2)) -> 1029 | H2: =LEFT(A2, LEN(A2)-1) & TEXT(B2, "yyyymmdd") -> 102920251122 | K2: Angle Formula: =XLOOKUP(A2 & D2, AnglePowerMatching!A:A & AnglePowerMatching!B:B, AnglePowerMatching!C:C, "Not Found")
A3: 1029R | B3: 45984 | C3: 66 | D3: 5 | G3: =VALUE(_xlfn.TEXTBEFORE(A3, {"L","R"}, , , , A3)) -> 1029 | H3: =LEFT(A3, LEN(A3)-1) & TEXT(B3, "yyyymmdd") -> 102920251123 | K3: Power Formula: =XLOOKUP(A2 & D2, AnglePowerMatching!A:A & AnglePowerMatching!B:B, AnglePowerMatching!D:D, "Not Found")
A4: 1029R | B4: 45985 | C4: 66 | D4: 10 | G4: =VALUE(_xlfn.TEXTBEFORE(A4, {"L","R"}, , , , A4)) -> 1029 | H4: =LEFT(A4, LEN(A4)-1) & TEXT(B4, "yyyymmdd") -> 102920251124
A5: 1029R | B5: 46003 | C5: 90 | D5: 3 | G5: =VALUE(_xlfn.TEXTBEFORE(A5, {"L","R"}, , , , A5)) -> 1029 | H5: =LEFT(A5, LEN(A5)-1) & TEXT(B5, "yyyymmdd") -> 102920251212 | K5: With CleanID & Search:
A6: 1029R | B6: 46004 | C6: 90 | D6: 5 | G6: =VALUE(_xlfn.TEXTBEFORE(A6, {"L","R"}, , , , A6)) -> 1029 | H6: =LEFT(A6, LEN(A6)-1) & TEXT(B6, "yyyymmdd") -> 102920251213 | K6: Angle Formula: =XLOOKUP(S2, AnglePowerMatching!$H:$H, AnglePowerMatching!$C:$C, "NaN")
A7: 1029R | B7: 46006 | C7: 90 | D7: 10 | G7: =VALUE(_xlfn.TEXTBEFORE(A7, {"L","R"}, , , , A7)) -> 1029 | H7: =LEFT(A7, LEN(A7)-1) & TEXT(B7, "yyyymmdd") -> 102920251215 | K7: Power Formula: =XLOOKUP(S2, AnglePowerMatching!$H:$H, AnglePowerMatching!$D:$D, "NaN")
A8: 1029R | B8: 46007 | C8: 90 | D8: 10 | G8: =VALUE(_xlfn.TEXTBEFORE(A8, {"L","R"}, , , , A8)) -> 1029 | H8: =LEFT(A8, LEN(A8)-1) & TEXT(B8, "yyyymmdd") -> 102920251216
A9: 1029R | B9: 46008 | C9: 90 | D9: 10 | G9: =VALUE(_xlfn.TEXTBEFORE(A9, {"L","R"}, , , , A9)) -> 1029 | H9: =LEFT(A9, LEN(A9)-1) & TEXT(B9, "yyyymmdd") -> 102920251217 | K9: Not updated (excludes new data files)
A10: 1029R | B10: 46009 | C10: 90 | D10: 5 | G10: =VALUE(_xlfn.TEXTBEFORE(A10, {"L","R"}, , , , A10)) -> 1029 | H10: =LEFT(A10, LEN(A10)-1) & TEXT(B10, "yyyymmdd") -> 102920251218
A11: 1029R | B11: 46021 | C11: 90 | D11: 10 | G11: =VALUE(_xlfn.TEXTBEFORE(A11, {"L","R"}, , , , A11)) -> 1029 | H11: =LEFT(A11, LEN(A11)-1) & TEXT(B11, "yyyymmdd") -> 102920251230 | K11: Visualize: =NOT(OR(C2=0,D2=0))
A12: 1029R | B12: 46022 | C12: 90 | D12: 5 | G12: =VALUE(_xlfn.TEXTBEFORE(A12, {"L","R"}, , , , A12)) -> 1029 | H12: =LEFT(A12, LEN(A12)-1) & TEXT(B12, "yyyymmdd") -> 102920251231
A13: 1029R | B13: 46029 | C13: 35 | D13: 3 | G13: =VALUE(_xlfn.TEXTBEFORE(A13, {"L","R"}, , , , A13)) -> 1029 | H13: =LEFT(A13, LEN(A13)-1) & TEXT(B13, "yyyymmdd") -> 102920260107
A14: 1029R | B14: 46030 | C14: 35 | D14: 5 | G14: =VALUE(_xlfn.TEXTBEFORE(A14, {"L","R"}, , , , A14)) -> 1029 | H14: =LEFT(A14, LEN(A14)-1) & TEXT(B14, "yyyymmdd") -> 102920260108
A15: 1029R | B15: 46031 | C15: 35 | D15: 10 | G15: =VALUE(_xlfn.TEXTBEFORE(A15, {"L","R"}, , , , A15)) -> 1029 | H15: =LEFT(A15, LEN(A15)-1) & TEXT(B15, "yyyymmdd") -> 102920260109
A16: 1029R | B16: 46032 | C16: 35 | D16: 10 | G16: =VALUE(_xlfn.TEXTBEFORE(A16, {"L","R"}, , , , A16)) -> 1029 | H16: =LEFT(A16, LEN(A16)-1) & TEXT(B16, "yyyymmdd") -> 102920260110
A17: 1029R | B17: 46044 | C17: 26 | D17: 3 | G17: =VALUE(_xlfn.TEXTBEFORE(A17, {"L","R"}, , , , A17)) -> 1029 | H17: =LEFT(A17, LEN(A17)-1) & TEXT(B17, "yyyymmdd") -> 102920260122
A18: 1029R | B18: 46045 | C18: 26 | D18: 5 | G18: =VALUE(_xlfn.TEXTBEFORE(A18, {"L","R"}, , , , A18)) -> 1029 | H18: =LEFT(A18, LEN(A18)-1) & TEXT(B18, "yyyymmdd") -> 102920260123
A19: 1029R | B19: 46051 | C19: 16 | D19: 3 | G19: =VALUE(_xlfn.TEXTBEFORE(A19, {"L","R"}, , , , A19)) -> 1029 | H19: =LEFT(A19, LEN(A19)-1) & TEXT(B19, "yyyymmdd") -> 102920260129
A20: 1029R | B20: 46052 | C20: 16 | D20: 5 | G20: =VALUE(_xlfn.TEXTBEFORE(A20, {"L","R"}, , , , A20)) -> 1029 | H20: =LEFT(A20, LEN(A20)-1) & TEXT(B20, "yyyymmdd") -> 102920260130
A21: 1029R | B21: 46053 | C21: 16 | D21: 10 | G21: =VALUE(_xlfn.TEXTBEFORE(A21, {"L","R"}, , , , A21)) -> 1029 | H21: =LEFT(A21, LEN(A21)-1) & TEXT(B21, "yyyymmdd") -> 102920260131
A22: 1030R | B22: 45945 | C22: 66 | D22: 3 | G22: =VALUE(_xlfn.TEXTBEFORE(A22, {"L","R"}, , , , A22)) -> 1030 | H22: =LEFT(A22, LEN(A22)-1) & TEXT(B22, "yyyymmdd") -> 103020251015
A23: 1030R | B23: 45946 | C23: 66 | D23: 5 | G23: =VALUE(_xlfn.TEXTBEFORE(A23, {"L","R"}, , , , A23)) -> 1030 | H23: =LEFT(A23, LEN(A23)-1) & TEXT(B23, "yyyymmdd") -> 103020251016
... A38: 1030R | B38: 45980 | C38: 16 | D38: 10 | G38: =VALUE(_xlfn.TEXTBEFORE(A38, {"L","R"}, , , , A38)) -> 1030 | H38: =LEFT(A38, LEN(A38)-1) & TEXT(B38, "yyyymmdd") -> 103020251119
A39: 1030R | B39: 46006 | C39: 66 | D39: 3 masker | G39: =VALUE(_xlfn.TEXTBEFORE(A39, {"L","R"}, , , , A39)) -> 1030 | H39: =LEFT(A39, LEN(A39)-1) & TEXT(B39, "yyyymmdd") -> 103020251215
A40: 1030R | B40: 46008 | C40: 66 | D40: 3 masker | G40: =VALUE(_xlfn.TEXTBEFORE(A40, {"L","R"}, , , , A40)) -> 1030 | H40: =LEFT(A40, LEN(A40)-1) & TEXT(B40, "yyyymmdd") -> 103020251217
A41: 1030R | B41: 46009 | C41: 66 | D41: 3 masker | G41: =VALUE(_xlfn.TEXTBEFORE(A41, {"L","R"}, , , , A41)) -> 1030 | H41: =LEFT(A41, LEN(A41)-1) & TEXT(B41, "yyyymmdd") -> 103020251218
A42: 1030R | B42: 46021 | C42: 66 | D42: 10 | G42: =VALUE(_xlfn.TEXTBEFORE(A42, {"L","R"}, , , , A42)) -> 1030 | H42: =LEFT(A42, LEN(A42)-1) & TEXT(B42, "yyyymmdd") -> 103020251230
A43: 1031L | B43: 45983 | C43: 66 | D43: 3 | G43: =VALUE(_xlfn.TEXTBEFORE(A43, {"L","R"}, , , , A43)) -> 1031 | H43: =LEFT(A43, LEN(A43)-1) & TEXT(B43, "yyyymmdd") -> 103120251122
A44: 1031L | B44: 45984 | C44: 66 | D44: 5 | G44: =VALUE(_xlfn.TEXTBEFORE(A44, {"L","R"}, , , , A44)) -> 1031 | H44: =LEFT(A44, LEN(A44)-1) & TEXT(B44, "yyyymmdd") -> 103120251123
A45: 1031L | B45: 45985 | C45: 66 | D45: 10 | G45: =VALUE(_xlfn.TEXTBEFORE(A45, {"L","R"}, , , , A45)) -> 1031 | H45: =LEFT(A45, LEN(A45)-1) & TEXT(B45, "yyyymmdd") -> 103120251124
A46: 1031L | B46: 46003 | C46: 90 | D46: 3 | G46: =VALUE(_xlfn.TEXTBEFORE(A46, {"L","R"}, , , , A46)) -> 1031 | H46: =LEFT(A46, LEN(A46)-1) & TEXT(B46, "yyyymmdd") -> 103120251212
A47: 1031L | B47: 46004 | C47: 90 | D47: 5 | G47: =VALUE(_xlfn.TEXTBEFORE(A47, {"L","R"}, , , , A47)) -> 1031 | H47: =LEFT(A47, LEN(A47)-1) & TEXT(B47, "yyyymmdd") -> 103120251213
A48: 1031L | B48: 46006 | C48: 90 | D48: 10 | G48: =VALUE(_xlfn.TEXTBEFORE(A48, {"L","R"}, , , , A48)) -> 1031 | H48: =LEFT(A48, LEN(A48)-1) & TEXT(B48, "yyyymmdd") -> 103120251215
A49: 1031L | B49: 46007 | C49: 90 | D49: 10 | G49: =VALUE(_xlfn.TEXTBEFORE(A49, {"L","R"}, , , , A49)) -> 1031 | H49: =LEFT(A49, LEN(A49)-1) & TEXT(B49, "yyyymmdd") -> 103120251216
A50: 1031L | B50: 46008 | C50: 90 | D50: 10 | G50: =VALUE(_xlfn.TEXTBEFORE(A50, {"L","R"}, , , , A50)) -> 1031 | H50: =LEFT(A50, LEN(A50)-1) & TEXT(B50, "yyyymmdd") -> 103120251217
A51: 1031L | B51: 46009 | C51: 90 | D51: 5 | G51: =VALUE(_xlfn.TEXTBEFORE(A51, {"L","R"}, , , , A51)) -> 1031 | H51: =LEFT(A51, LEN(A51)-1) & TEXT(B51, "yyyymmdd") -> 103120251218
A52: 1031L | B52: 46031 | C52: 35 | D52: 3 | G52: =VALUE(_xlfn.TEXTBEFORE(A52, {"L","R"}, , , , A52)) -> 1031 | H52: =LEFT(A52, LEN(A52)-1) & TEXT(B52, "yyyymmdd") -> 103120260109
A53: 1031L | B53: 46032 | C53: 35 | D53: 5 | G53: =VALUE(_xlfn.TEXTBEFORE(A53, {"L","R"}, , , , A53)) -> 1031 | H53: =LEFT(A53, LEN(A53)-1) & TEXT(B53, "yyyymmdd") -> 103120260110
... A79: 1034R | B79: 45980 | C79: 16 | D79: 10 | G79: =VALUE(_xlfn.TEXTBEFORE(A79, {"L","R"}, , , , A79)) -> 1034 | H79: =LEFT(A79, LEN(A79)-1) & TEXT(B79, "yyyymmdd") -> 103420251119
A80: 1034R | B80: 46006 | C80: 66 | D80: 3 masker | G80: =VALUE(_xlfn.TEXTBEFORE(A80, {"L","R"}, , , , A80)) -> 1034 | H80: =LEFT(A80, LEN(A80)-1) & TEXT(B80, "yyyymmdd") -> 103420251215
A81: 1034R | B81: 46008 | C81: 66 | D81: 10 | G81: =VALUE(_xlfn.TEXTBEFORE(A81, {"L","R"}, , , , A81)) -> 1034 | H81: =LEFT(A81, LEN(A81)-1) & TEXT(B81, "yyyymmdd") -> 103420251217
A82: 1034R | B82: 46009 | C82: 66 | D82: 3 | G82: =VALUE(_xlfn.TEXTBEFORE(A82, {"L","R"}, , , , A82)) -> 1034 | H82: =LEFT(A82, LEN(A82)-1) & TEXT(B82, "yyyymmdd") -> 103420251218
A83: 1034R | B83: 46022 | C83: 66 | D83: 5 masker | G83: =VALUE(_xlfn.TEXTBEFORE(A83, {"L","R"}, , , , A83)) -> 1034 | H83: =LEFT(A83, LEN(A83)-1) & TEXT(B83, "yyyymmdd") -> 103420251231
A84: 1034R | B84: 46035 | C84: 66 | D84: 3 masker | G84: =VALUE(_xlfn.TEXTBEFORE(A84, {"L","R"}, , , , A84)) -> 1034 | H84: =LEFT(A84, LEN(A84)-1) & TEXT(B84, "yyyymmdd") -> 103420260113
A85: 1034R | B85: 46036 | C85: 66 | D85: 5 masker | G85: =VALUE(_xlfn.TEXTBEFORE(A85, {"L","R"}, , , , A85)) -> 1034 | H85: =LEFT(A85, LEN(A85)-1) & TEXT(B85, "yyyymmdd") -> 103420260114
A86: 948L | B86: 45863 | C86: 66 | D86: 3 | G86: =VALUE(_xlfn.TEXTBEFORE(A86, {"L","R"}, , , , A86)) -> 948 | H86: =LEFT(A86, LEN(A86)-1) & TEXT(B86, "yyyymmdd") -> 94820250725
A87: 948L | B87: 45865 | C87: 66 | D87: 5 | G87: =VALUE(_xlfn.TEXTBEFORE(A87, {"L","R"}, , , , A87)) -> 948 | H87: =LEFT(A87, LEN(A87)-1) & TEXT(B87, "yyyymmdd") -> 94820250727
A88: 948L | B88: 45866 | C88: 66 | D88: 10 | G88: =VALUE(_xlfn.TEXTBEFORE(A88, {"L","R"}, , , , A88)) -> 948 | H88: =LEFT(A88, LEN(A88)-1) & TEXT(B88, "yyyymmdd") -> 94820250728
A89: 948L | B89: 45867 | C89: 66 | D89: 3 | G89: =VALUE(_xlfn.TEXTBEFORE(A89, {"L","R"}, , , , A89)) -> 948 | H89: =LEFT(A89, LEN(A89)-1) & TEXT(B89, "yyyymmdd") -> 94820250729
A90: 948L | B90: 45868 | C90: 90 | D90: 3 | G90: =VALUE(_xlfn.TEXTBEFORE(A90, {"L","R"}, , , , A90)) -> 948 | H90: =LEFT(A90, LEN(A90)-1) & TEXT(B90, "yyyymmdd") -> 94820250730
A91: 948L | B91: 45869 | C91: 90 | D91: 5 | G91: =VALUE(_xlfn.TEXTBEFORE(A91, {"L","R"}, , , , A91)) -> 948 | H91: =LEFT(A91, LEN(A91)-1) & TEXT(B91, "yyyymmdd") -> 94820250731
A92: 948L | B92: 45870 | C92: 90 | D92: 10 | G92: =VALUE(_xlfn.TEXTBEFORE(A92, {"L","R"}, , , , A92)) -> 948 | H92: =LEFT(A92, LEN(A92)-1) & TEXT(B92, "yyyymmdd") -> 94820250801
A93: 948L | B93: 45872 | C93: 35 | D93: 3 | G93: =VALUE(_xlfn.TEXTBEFORE(A93, {"L","R"}, , , , A93)) -> 948 | H93: =LEFT(A93, LEN(A93)-1) & TEXT(B93, "yyyymmdd") -> 94820250803
A94: 948L | B94: 45875 | C94: 35 | D94: 5 | G94: =VALUE(_xlfn.TEXTBEFORE(A94, {"L","R"}, , , , A94)) -> 948 | H94: =LEFT(A94, LEN(A94)-1) & TEXT(B94, "yyyymmdd") -> 94820250806
A95: 948L | B95: 45876 | C95: 35 | D95: 10 | G95: =VALUE(_xlfn.TEXTBEFORE(A95, {"L","R"}, , , , A95)) -> 948 | H95: =LEFT(A95, LEN(A95)-1) & TEXT(B95, "yyyymmdd") -> 94820250807
A96: 948L | B96: 45882 | C96: 26 | D96: 3 | G96: =VALUE(_xlfn.TEXTBEFORE(A96, {"L","R"}, , , , A96)) -> 948 | H96: =LEFT(A96, LEN(A96)-1) & TEXT(B96, "yyyymmdd") -> 94820250813
A97: 948L | B97: 45883 | C97: 26 | D97: 5 | G97: =VALUE(_xlfn.TEXTBEFORE(A97, {"L","R"}, , , , A97)) -> 948 | H97: =LEFT(A97, LEN(A97)-1) & TEXT(B97, "yyyymmdd") -> 94820250814
... A124: 949R | B124: 45983 | C124: 66 | D124: 3 | G124: =VALUE(_xlfn.TEXTBEFORE(A124, {"L","R"}, , , , A124)) -> 949 | H124: =LEFT(A124, LEN(A124)-1) & TEXT(B124, "yyyymmdd") -> 94920251122
A125: 949R | B125: 45986 | C125: 66 | D125: 3 masker | G125: =VALUE(_xlfn.TEXTBEFORE(A125, {"L","R"}, , , , A125)) -> 949 | H125: =LEFT(A125, LEN(A125)-1) & TEXT(B125, "yyyymmdd") -> 94920251125
A126: 949R | B126: 45995 | C126: 66 | D126: 5 masker | G126: =VALUE(_xlfn.TEXTBEFORE(A126, {"L","R"}, , , , A126)) -> 949 | H126: =LEFT(A126, LEN(A126)-1) & TEXT(B126, "yyyymmdd") -> 94920251204
A127: 949R | B127: 46008 | C127: 66 | D127: 10 masker | G127: =VALUE(_xlfn.TEXTBEFORE(A127, {"L","R"}, , , , A127)) -> 949 | H127: =LEFT(A127, LEN(A127)-1) & TEXT(B127, "yyyymmdd") -> 94920251217
A128: 949R | B128: 46022 | C128: 90 | D128: 10 | G128: =VALUE(_xlfn.TEXTBEFORE(A128, {"L","R"}, , , , A128)) -> 949 | H128: =LEFT(A128, LEN(A128)-1) & TEXT(B128, "yyyymmdd") -> 94920251231
A129: 949R | B129: 46029 | C129: 35 | D129: 10 | G129: =VALUE(_xlfn.TEXTBEFORE(A129, {"L","R"}, , , , A129)) -> 949 | H129: =LEFT(A129, LEN(A129)-1) & TEXT(B129, "yyyymmdd") -> 94920260107
A130: 949R | B130: 46030 | C130: 35 | D130: 10 | G130: =VALUE(_xlfn.TEXTBEFORE(A130, {"L","R"}, , , , A130)) -> 949 | H130: =LEFT(A130, LEN(A130)-1) & TEXT(B130, "yyyymmdd") -> 94920260108
A131: 949R | B131: 46036 | C131: 26 | D131: 3 | G131: =VALUE(_xlfn.TEXTBEFORE(A131, {"L","R"}, , , , A131)) -> 949 | H131: =LEFT(A131, LEN(A131)-1) & TEXT(B131, "yyyymmdd") -> 94920260114
A132: 949R | B132: 46037 | C132: 26 | D132: 10 | G132: =VALUE(_xlfn.TEXTBEFORE(A132, {"L","R"}, , , , A132)) -> 949 | H132: =LEFT(A132, LEN(A132)-1) & TEXT(B132, "yyyymmdd") -> 94920260115
A133: 949R | B133: 46045 | C133: 66 | D133: 5 | G133: =VALUE(_xlfn.TEXTBEFORE(A133, {"L","R"}, , , , A133)) -> 949 | H133: =LEFT(A133, LEN(A133)-1) & TEXT(B133, "yyyymmdd") -> 94920260123
A134: 950L | B134: 45921 | C134: 16 | D134: 5 | G134: =VALUE(_xlfn.TEXTBEFORE(A134, {"L","R"}, , , , A134)) -> 950 | H134: =LEFT(A134, LEN(A134)-1) & TEXT(B134, "yyyymmdd") -> 95020250921
A135: 950L | B135: 45923 | C135: 16 | D135: 10 | G135: =VALUE(_xlfn.TEXTBEFORE(A135, {"L","R"}, , , , A135)) -> 950 | H135: =LEFT(A135, LEN(A135)-1) & TEXT(B135, "yyyymmdd") -> 95020250923
A136: 950L | B136: 45942 | C136: 66 | D136: 10 masker | G136: =VALUE(_xlfn.TEXTBEFORE(A136, {"L","R"}, , , , A136)) -> 950 | H136: =LEFT(A136, LEN(A136)-1) & TEXT(B136, "yyyymmdd") -> 95020251012
A137: 950L | B137: 45952 | C137: 66 | D137: 3 masker | G137: =VALUE(_xlfn.TEXTBEFORE(A137, {"L","R"}, , , , A137)) -> 950 | H137: =LEFT(A137, LEN(A137)-1) & TEXT(B137, "yyyymmdd") -> 95020251022
A138: 950L | B138: 45955 | C138: 66 | D138: 5 masker | G138: =VALUE(_xlfn.TEXTBEFORE(A138, {"L","R"}, , , , A138)) -> 950 | H138: =LEFT(A138, LEN(A138)-1) & TEXT(B138, "yyyymmdd") -> 95020251025
A139: 950L | B139: 45958 | C139: 66 | D139: 10 masker | G139: =VALUE(_xlfn.TEXTBEFORE(A139, {"L","R"}, , , , A139)) -> 950 | H139: =LEFT(A139, LEN(A139)-1) & TEXT(B139, "yyyymmdd") -> 95020251028
A140: 950L | B140: 45966 | C140: 35 | D140: 3 masker | G140: =VALUE(_xlfn.TEXTBEFORE(A140, {"L","R"}, , , , A140)) -> 950 | H140: =LEFT(A140, LEN(A140)-1) & TEXT(B140, "yyyymmdd") -> 95020251105
A141: 950L | B141: 45968 | C141: 35 | D141: 5 masker | G141: =VALUE(_xlfn.TEXTBEFORE(A141, {"L","R"}, , , , A141)) -> 950 | H141: =LEFT(A141, LEN(A141)-1) & TEXT(B141, "yyyymmdd") -> 95020251107
A142: 950L | B142: 45971 | C142: 35 | D142: 10 masker | G142: =VALUE(_xlfn.TEXTBEFORE(A142, {"L","R"}, , , , A142)) -> 950 | H142: =LEFT(A142, LEN(A142)-1) & TEXT(B142, "yyyymmdd") -> 95020251110
A143: 950L | B143: 45982 | C143: 16 | D143: 5 masker | G143: =VALUE(_xlfn.TEXTBEFORE(A143, {"L","R"}, , , , A143)) -> 950 | H143: =LEFT(A143, LEN(A143)-1) & TEXT(B143, "yyyymmdd") -> 95020251121
A144: 950L | B144: 45995 | C144: 16 | D144: 10 masker | G144: =VALUE(_xlfn.TEXTBEFORE(A144, {"L","R"}, , , , A144)) -> 950 | H144: =LEFT(A144, LEN(A144)-1) & TEXT(B144, "yyyymmdd") -> 95020251204
A145: 950L | B145: 46006 | C145: 66 | D145: 3 | G145: =VALUE(_xlfn.TEXTBEFORE(A145, {"L","R"}, , , , A145)) -> 950 | H145: =LEFT(A145, LEN(A145)-1) & TEXT(B145, "yyyymmdd") -> 95020251215
A146: 950L | B146: 46008 | C146: 66 | D146: 3 | G146: =VALUE(_xlfn.TEXTBEFORE(A146, {"L","R"}, , , , A146)) -> 950 | H146: =LEFT(A146, LEN(A146)-1) & TEXT(B146, "yyyymmdd") -> 95020251217
A147: 950L | B147: 46009 | C147: 66 | D147: 5 masker | G147: =VALUE(_xlfn.TEXTBEFORE(A147, {"L","R"}, , , , A147)) -> 950 | H147: =LEFT(A147, LEN(A147)-1) & TEXT(B147, "yyyymmdd") -> 95020251218
A148: 950L | B148: 46021 | C148: 90 | D148: 5 | G148: =VALUE(_xlfn.TEXTBEFORE(A148, {"L","R"}, , , , A148)) -> 950 | H148: =LEFT(A148, LEN(A148)-1) & TEXT(B148, "yyyymmdd") -> 95020251230
A149: 950L | B149: 46022 | C149: 90 | D149: 10 | G149: =VALUE(_xlfn.TEXTBEFORE(A149, {"L","R"}, , , , A149)) -> 950 | H149: =LEFT(A149, LEN(A149)-1) & TEXT(B149, "yyyymmdd") -> 95020251231
A150: 950L | B150: 46034 | C150: 66 | D150: 3 masker | G150: =VALUE(_xlfn.TEXTBEFORE(A150, {"L","R"}, , , , A150)) -> 950 | H150: =LEFT(A150, LEN(A150)-1) & TEXT(B150, "yyyymmdd") -> 95020260112
A151: 950L | B151: 46035 | C151: 66 | D151: 5 masker | G151: =VALUE(_xlfn.TEXTBEFORE(A151, {"L","R"}, , , , A151)) -> 950 | H151: =LEFT(A151, LEN(A151)-1) & TEXT(B151, "yyyymmdd") -> 95020260113
A152: 950L | B152: 46036 | C152: 66 | D152: 10 masker | G152: =VALUE(_xlfn.TEXTBEFORE(A152, {"L","R"}, , , , A152)) -> 950 | H152: =LEFT(A152, LEN(A152)-1) & TEXT(B152, "yyyymmdd") -> 95020260114
A153: 950L | B153: 45882 | C153: 66 | D153: 3 | G153: =VALUE(_xlfn.TEXTBEFORE(A153, {"L","R"}, , , , A153)) -> 950 | H153: =LEFT(A153, LEN(A153)-1) & TEXT(B153, "yyyymmdd") -> 95020250813
A154: 950L | B154: 45883 | C154: 66 | D154: 5 | G154: =VALUE(_xlfn.TEXTBEFORE(A154, {"L","R"}, , , , A154)) -> 950 | H154: =LEFT(A154, LEN(A154)-1) & TEXT(B154, "yyyymmdd") -> 95020250814
A155: 950L | B155: 45884 | C155: 66 | D155: 10 | G155: =VALUE(_xlfn.TEXTBEFORE(A155, {"L","R"}, , , , A155)) -> 950 | H155: =LEFT(A155, LEN(A155)-1) & TEXT(B155, "yyyymmdd") -> 95020250815
A156: 950L | B156: 45889 | C156: 90 | D156: 3 | G156: =VALUE(_xlfn.TEXTBEFORE(A156, {"L","R"}, , , , A156)) -> 950 | H156: =LEFT(A156, LEN(A156)-1) & TEXT(B156, "yyyymmdd") -> 95020250820
A157: 950L | B157: 45890 | C157: 90 | D157: 5 | G157: =VALUE(_xlfn.TEXTBEFORE(A157, {"L","R"}, , , , A157)) -> 950 | H157: =LEFT(A157, LEN(A157)-1) & TEXT(B157, "yyyymmdd") -> 95020250821
A158: 950L | B158: 45891 | C158: 90 | D158: 10 | G158: =VALUE(_xlfn.TEXTBEFORE(A158, {"L","R"}, , , , A158)) -> 950 | H158: =LEFT(A158, LEN(A158)-1) & TEXT(B158, "yyyymmdd") -> 95020250822
A159: 950L | B159: 45896 | C159: 35 | D159: 3 | G159: =VALUE(_xlfn.TEXTBEFORE(A159, {"L","R"}, , , , A159)) -> 950 | H159: =LEFT(A159, LEN(A159)-1) & TEXT(B159, "yyyymmdd") -> 95020250827
A160: 950L | B160: 45897 | C160: 35 | D160: 5 | G160: =VALUE(_xlfn.TEXTBEFORE(A160, {"L","R"}, , , , A160)) -> 950 | H160: =LEFT(A160, LEN(A160)-1) & TEXT(B160, "yyyymmdd") -> 95020250828
A161: 950L | B161: 45898 | C161: 35 | D161: 10 | G161: =VALUE(_xlfn.TEXTBEFORE(A161, {"L","R"}, , , , A161)) -> 950 | H161: =LEFT(A161, LEN(A161)-1) & TEXT(B161, "yyyymmdd") -> 95020250829
A162: 950L | B162: 45909 | C162: 26 | D162: 3 | G162: =VALUE(_xlfn.TEXTBEFORE(A162, {"L","R"}, , , , A162)) -> 950 | H162: =LEFT(A162, LEN(A162)-1) & TEXT(B162, "yyyymmdd") -> 95020250909
A163: 950L | B163: 45910 | C163: 26 | D163: 5 | G163: =VALUE(_xlfn.TEXTBEFORE(A163, {"L","R"}, , , , A163)) -> 950 | H163: =LEFT(A163, LEN(A163)-1) & TEXT(B163, "yyyymmdd") -> 95020250910
A164: 950L | B164: 45911 | C164: 26 | D164: 10 | G164: =VALUE(_xlfn.TEXTBEFORE(A164, {"L","R"}, , , , A164)) -> 950 | H164: =LEFT(A164, LEN(A164)-1) & TEXT(B164, "yyyymmdd") -> 95020250911
... A202: 900L | B202: 46058 | C202: 49000 | D202: 1000 | G202: =VALUE(_xlfn.TEXTBEFORE(A202, {"L","R"}, , , , A202)) -> 900 | H202: =LEFT(A202, LEN(A202)-1) & TEXT(B202, "yyyymmdd") -> 90020260205

Sheet dupe
A1: ID | B1: Date | C1: AccuracyLaser | D1: AccuracyNonLaser | E1: OmissionsLaser | F1: OmissionsNonLaser | G1: LaserReward | H1: NonLaserReward | I1: LaserTrials | J1: NonLaserTrials | K1: oLaserPercent | L1: oNonLaserPercent | M1: LatencyLaser | N1: LatencyNonLaser | O1: Angle | P1: Power | Q1: Visualize | R1: CleanID | S1: SEARCH
A2: 1029 | B2: 2025-11-22 | C2: 54.166667 | D2: 55 | E2: 0 | F2: 0 | G2: 65 | H2: 66 | I2: 120 | J2: 120 | K2: 0 | L2: 0 | M2: 0.18281538 | N2: 0.19430303 | O2: =_xlfn.XLOOKUP(S2, AnglePowerMatching!$H:$H, AnglePowerMatching!$C:$C, "NaN") -> 66 | P2: =_xlfn.XLOOKUP(S2, AnglePowerMatching!$H:$H, AnglePowerMatching!$D:$D, "NaN") -> 3 | Q2: =NOT(OR(C2=0,D2=0)) -> TRUE | R2: =VALUE(_xlfn.TEXTBEFORE(A2, {"L","R"}, , , , A2)) -> 1029 | S2: =R2 & TEXT(B2, "yyyymmdd") -> 102920251122
A3: 1029 | B3: 2025-11-23 | C3: 53.333333 | D3: 51.666667 | E3: 0 | F3: 0 | G3: 64 | H3: 62 | I3: 120 | J3: 120 | K3: 0 | L3: 0 | M3: 0.27225 | N3: 0.28053226 | O3: =_xlfn.XLOOKUP(S3, AnglePowerMatching!$H:$H, AnglePowerMatching!$C:$C, "NaN") -> 66 | P3: =_xlfn.XLOOKUP(S3, AnglePowerMatching!$H:$H, AnglePowerMatching!$D:$D, "NaN") -> 5 | Q3: =NOT(OR(C3=0,D3=0)) -> TRUE | R3: =VALUE(_xlfn.TEXTBEFORE(A3, {"L","R"}, , , , A3)) -> 1029 | S3: =R3 & TEXT(B3, "yyyymmdd") -> 102920251123
A4: 1029 | B4: 2025-11-24 | C4: 51.666667 | D4: 46.666667 | E4: 0 | F4: 0 | G4: 62 | H4: 56 | I4: 120 | J4: 120 | K4: 0 | L4: 0 | M4: 0.29008065 | N4: 0.20426786 | O4: =_xlfn.XLOOKUP(S4, AnglePowerMatching!$H:$H, AnglePowerMatching!$C:$C, "NaN") -> 66 | P4: =_xlfn.XLOOKUP(S4, AnglePowerMatching!$H:$H, AnglePowerMatching!$D:$D, "NaN") -> 10 | Q4: =NOT(OR(C4=0,D4=0)) -> TRUE | R4: =VALUE(_xlfn.TEXTBEFORE(A4, {"L","R"}, , , , A4)) -> 1029 | S4: =R4 & TEXT(B4, "yyyymmdd") -> 102920251124
A5: 1029 | B5: 2025-12-12 | C5: 65.833333 | D5: 65.833333 | E5: 0 | F5: 0 | G5: 79 | H5: 79 | I5: 120 | J5: 120 | K5: 0 | L5: 0 | M5: 0.26475949 | N5: 0.24287342 | O5: =_xlfn.XLOOKUP(S5, AnglePowerMatching!$H:$H, AnglePowerMatching!$C:$C, "NaN") -> 90 | P5: =_xlfn.XLOOKUP(S5, AnglePowerMatching!$H:$H, AnglePowerMatching!$D:$D, "NaN") -> 3 | Q5: =NOT(OR(C5=0,D5=0)) -> TRUE | R5: =VALUE(_xlfn.TEXTBEFORE(A5, {"L","R"}, , , , A5)) -> 1029 | S5: =R5 & TEXT(B5, "yyyymmdd") -> 102920251212
A6: 1029 | B6: 2025-12-13 | C6: 82.5 | D6: 86.419753 | E6: 40 | F6: 39 | G6: 66 | H6: 70 | I6: 120 | J6: 120 | K6: 33.333333 | L6: 32.5 | M6: 0.42874242 | N6: 0.34355714 | O6: =_xlfn.XLOOKUP(S6, AnglePowerMatching!$H:$H, AnglePowerMatching!$C:$C, "NaN") -> 90 | P6: =_xlfn.XLOOKUP(S6, AnglePowerMatching!$H:$H, AnglePowerMatching!$D:$D, "NaN") -> 5 | Q6: =NOT(OR(C6=0,D6=0)) -> TRUE | R6: =VALUE(_xlfn.TEXTBEFORE(A6, {"L","R"}, , , , A6)) -> 1029 | S6: =R6 & TEXT(B6, "yyyymmdd") -> 102920251213
A7: 1029 | B7: 2025-12-15 | C7: 81.034483 | D7: 70.175439 | E7: 62 | F7: 63 | G7: 47 | H7: 40 | I7: 120 | J7: 120 | K7: 51.666667 | L7: 52.5 | M7: 0.96259574 | N7: 0.9585 | O7: =_xlfn.XLOOKUP(S7, AnglePowerMatching!$H:$H, AnglePowerMatching!$C:$C, "NaN") -> 90 | P7: =_xlfn.XLOOKUP(S7, AnglePowerMatching!$H:$H, AnglePowerMatching!$D:$D, "NaN") -> 10 | Q7: =NOT(OR(C7=0,D7=0)) -> TRUE | R7: =VALUE(_xlfn.TEXTBEFORE(A7, {"L","R"}, , , , A7)) -> 1029 | S7: =R7 & TEXT(B7, "yyyymmdd") -> 102920251215
A8: 1029 | B8: 2025-12-16 | C8: 36.595745 | D8: 36.820084 | E8: 5 | F8: 1 | G8: 86 | H8: 88 | I8: 240 | J8: 240 | K8: 2.0833333 | L8: 0.41666667 | M8: 0.30010465 | N8: 0.28431818 | O8: =_xlfn.XLOOKUP(S8, AnglePowerMatching!$H:$H, AnglePowerMatching!$C:$C, "NaN") -> 90 | P8: =_xlfn.XLOOKUP(S8, AnglePowerMatching!$H:$H, AnglePowerMatching!$D:$D, "NaN") -> 10 | Q8: =NOT(OR(C8=0,D8=0)) -> TRUE | R8: =VALUE(_xlfn.TEXTBEFORE(A8, {"L","R"}, , , , A8)) -> 1029 | S8: =R8 & TEXT(B8, "yyyymmdd") -> 102920251216
A9: 1029 | B9: 2025-12-17 | C9: 64.285714 | D9: 65.789474 | E9: 12 | F9: 11 | G9: 72 | H9: 75 | I9: 124 | J9: 125 | K9: 9.6774194 | L9: 8.8 | M9: 0.29847222 | N9: 0.25242667 | O9: =_xlfn.XLOOKUP(S9, AnglePowerMatching!$H:$H, AnglePowerMatching!$C:$C, "NaN") -> 90 | P9: =_xlfn.XLOOKUP(S9, AnglePowerMatching!$H:$H, AnglePowerMatching!$D:$D, "NaN") -> 10 | Q9: =NOT(OR(C9=0,D9=0)) -> TRUE | R9: =VALUE(_xlfn.TEXTBEFORE(A9, {"L","R"}, , , , A9)) -> 1029 | S9: =R9 & TEXT(B9, "yyyymmdd") -> 102920251217
A10: 1029 | B10: 2025-12-18 | C10: 62.608696 | D10: 55.555556 | E10: 5 | F10: 3 | G10: 72 | H10: 65 | I10: 120 | J10: 120 | K10: 4.1666667 | L10: 2.5 | M10: 0.26394444 | N10: 0.23587692 | O10: =_xlfn.XLOOKUP(S10, AnglePowerMatching!$H:$H, AnglePowerMatching!$C:$C, "NaN") -> 90 | P10: =_xlfn.XLOOKUP(S10, AnglePowerMatching!$H:$H, AnglePowerMatching!$D:$D, "NaN") -> 5 | Q10: =NOT(OR(C10=0,D10=0)) -> TRUE | R10: =VALUE(_xlfn.TEXTBEFORE(A10, {"L","R"}, , , , A10)) -> 1029 | S10: =R10 & TEXT(B10, "yyyymmdd") -> 102920251218
A11: 1029 | B11: 2025-12-30 | C11: 60.504202 | D11: 62.280702 | E11: 1 | F11: 6 | G11: 72 | H11: 71 | I11: 120 | J11: 120 | K11: 0.83333333 | L11: 5 | M11: 0.28647222 | N11: 0.2645493 | O11: =_xlfn.XLOOKUP(S11, AnglePowerMatching!$H:$H, AnglePowerMatching!$C:$C, "NaN") -> 90 | P11: =_xlfn.XLOOKUP(S11, AnglePowerMatching!$H:$H, AnglePowerMatching!$D:$D, "NaN") -> 10 | Q11: =NOT(OR(C11=0,D11=0)) -> TRUE | R11: =VALUE(_xlfn.TEXTBEFORE(A11, {"L","R"}, , , , A11)) -> 1029 | S11: =R11 & TEXT(B11, "yyyymmdd") -> 102920251230
A12: 1029 | B12: 2025-12-31 | C12: 73.684211 | D12: 76.229508 | E12: 22 | F12: 14 | G12: 84 | H12: 93 | I12: 136 | J12: 136 | K12: 16.176471 | L12: 10.294118 | M12: 0.28832143 | N12: 0.27991398 | O12: =_xlfn.XLOOKUP(S12, AnglePowerMatching!$H:$H, AnglePowerMatching!$C:$C, "NaN") -> 90 | P12: =_xlfn.XLOOKUP(S12, AnglePowerMatching!$H:$H, AnglePowerMatching!$D:$D, "NaN") -> 5 | Q12: =NOT(OR(C12=0,D12=0)) -> TRUE | R12: =VALUE(_xlfn.TEXTBEFORE(A12, {"L","R"}, , , , A12)) -> 1029 | S12: =R12 & TEXT(B12, "yyyymmdd") -> 102920251231
A13: 1029 | B13: 2026-01-07 | C13: 55.833333 | D13: 51.260504 | E13: 0 | F13: 1 | G13: 67 | H13: 61 | I13: 120 | J13: 120 | K13: 0 | L13: 0.83333333 | M13: 0.31301493 | N13: 0.26309836 | O13: =_xlfn.XLOOKUP(S13, AnglePowerMatching!$H:$H, AnglePowerMatching!$C:$C, "NaN") -> 35 | P13: =_xlfn.XLOOKUP(S13, AnglePowerMatching!$H:$H, AnglePowerMatching!$D:$D, "NaN") -> 3 | Q13: =NOT(OR(C13=0,D13=0)) -> TRUE | R13: =VALUE(_xlfn.TEXTBEFORE(A13, {"L","R"}, , , , A13)) -> 1029 | S13: =R13 & TEXT(B13, "yyyymmdd") -> 102920260107
... A84: 1034 | B84: 2025-12-15 | C84: 49.193548 | D84: 51.639344 | E84: 0 | F84: 1 | G84: 61 | H84: 63 | I84: 124 | J84: 123 | K84: 0 | L84: 0.81300813 | M84: 0.19740984 | N84: 0.18620635 | O84: =_xlfn.XLOOKUP(S84, AnglePowerMatching!$H:$H, AnglePowerMatching!$C:$C, "NaN") -> 66 | P84: =_xlfn.XLOOKUP(S84, AnglePowerMatching!$H:$H, AnglePowerMatching!$D:$D, "NaN") -> 3 masker | Q84: =NOT(OR(C84=0,D84=0)) -> TRUE | R84: =VALUE(_xlfn.TEXTBEFORE(A84, {"L","R"}, , , , A84)) -> 1034 | S84: =R84 & TEXT(B84, "yyyymmdd") -> 103420251215
A85: 1034 | B85: 2025-12-16 | C85: 0 | E85: 119 | F85: 120 | G85: 0 | H85: 0 | I85: 120 | J85: 120 | K85: 99.166667 | L85: 100 | O85: =_xlfn.XLOOKUP(S85, AnglePowerMatching!$H:$H, AnglePowerMatching!$C:$C, "NaN") -> NaN | P85: =_xlfn.XLOOKUP(S85, AnglePowerMatching!$H:$H, AnglePowerMatching!$D:$D, "NaN") -> NaN | Q85: =NOT(OR(C85=0,D85=0)) -> FALSE | R85: =VALUE(_xlfn.TEXTBEFORE(A85, {"L","R"}, , , , A85)) -> 1034 | S85: =R85 & TEXT(B85, "yyyymmdd") -> 103420251216
A86: 1034 | B86: 2025-12-17 | C86: 59.663866 | D86: 62.5 | E86: 1 | F86: 0 | G86: 71 | H86: 75 | I86: 120 | J86: 120 | K86: 0.83333333 | L86: 0 | M86: 0.22409859 | N86: 0.24790667 | O86: =_xlfn.XLOOKUP(S86, AnglePowerMatching!$H:$H, AnglePowerMatching!$C:$C, "NaN") -> 66 | P86: =_xlfn.XLOOKUP(S86, AnglePowerMatching!$H:$H, AnglePowerMatching!$D:$D, "NaN") -> 10 | Q86: =NOT(OR(C86=0,D86=0)) -> TRUE | R86: =VALUE(_xlfn.TEXTBEFORE(A86, {"L","R"}, , , , A86)) -> 1034 | S86: =R86 & TEXT(B86, "yyyymmdd") -> 103420251217
A87: 1034 | B87: 2025-12-18 | C87: 58.333333 | D87: 56.666667 | E87: 0 | F87: 0 | G87: 70 | H87: 68 | I87: 120 | J87: 120 | K87: 0 | L87: 0 | M87: 0.19927143 | N87: 0.18492647 | O87: =_xlfn.XLOOKUP(S87, AnglePowerMatching!$H:$H, AnglePowerMatching!$C:$C, "NaN") -> 66 | P87: =_xlfn.XLOOKUP(S87, AnglePowerMatching!$H:$H, AnglePowerMatching!$D:$D, "NaN") -> 3 | Q87: =NOT(OR(C87=0,D87=0)) -> TRUE | R87: =VALUE(_xlfn.TEXTBEFORE(A87, {"L","R"}, , , , A87)) -> 1034 | S87: =R87 & TEXT(B87, "yyyymmdd") -> 103420251218
A88: 1034 | B88: 2025-12-31 | C88: 52.205882 | D88: 50.735294 | E88: 0 | F88: 0 | G88: 71 | H88: 69 | I88: 136 | J88: 136 | K88: 0 | L88: 0 | M88: 0.20602817 | N88: 0.1906087 | O88: =_xlfn.XLOOKUP(S88, AnglePowerMatching!$H:$H, AnglePowerMatching!$C:$C, "NaN") -> 66 | P88: =_xlfn.XLOOKUP(S88, AnglePowerMatching!$H:$H, AnglePowerMatching!$D:$D, "NaN") -> 5 masker | Q88: =NOT(OR(C88=0,D88=0)) -> TRUE | R88: =VALUE(_xlfn.TEXTBEFORE(A88, {"L","R"}, , , , A88)) -> 1034 | S88: =R88 & TEXT(B88, "yyyymmdd") -> 103420251231
A89: 1034 | B89: 2026-01-13 | C89: 61.666667 | D89: 61.016949 | E89: 0 | F89: 2 | G89: 74 | H89: 72 | I89: 120 | J89: 120 | K89: 0 | L89: 1.6666667 | M89: 0.28716216 | N89: 0.28869444 | O89: =_xlfn.XLOOKUP(S89, AnglePowerMatching!$H:$H, AnglePowerMatching!$C:$C, "NaN") -> 66 | P89: =_xlfn.XLOOKUP(S89, AnglePowerMatching!$H:$H, AnglePowerMatching!$D:$D, "NaN") -> 3 masker | Q89: =NOT(OR(C89=0,D89=0)) -> TRUE | R89: =VALUE(_xlfn.TEXTBEFORE(A89, {"L","R"}, , , , A89)) -> 1034 | S89: =R89 & TEXT(B89, "yyyymmdd") -> 103420260113
A90: 1034 | B90: 2026-01-14 | C90: 49.586777 | D90: 59.166667 | E90: 0 | F90: 0 | G90: 60 | H90: 71 | I90: 121 | J90: 120 | K90: 0 | L90: 0 | M90: 0.19216667 | N90: 0.21511268 | O90: =_xlfn.XLOOKUP(S90, AnglePowerMatching!$H:$H, AnglePowerMatching!$C:$C, "NaN") -> 66 | P90: =_xlfn.XLOOKUP(S90, AnglePowerMatching!$H:$H, AnglePowerMatching!$D:$D, "NaN") -> 5 masker | Q90: =NOT(OR(C90=0,D90=0)) -> TRUE | R90: =VALUE(_xlfn.TEXTBEFORE(A90, {"L","R"}, , , , A90)) -> 1034 | S90: =R90 & TEXT(B90, "yyyymmdd") -> 103420260114
A91: 9450L | B91: 2025-08-18 | C91: 76.470588 | D91: 65.833333 | E91: 1 | F91: 0 | G91: 91 | H91: 79 | I91: 120 | J91: 120 | K91: 0.83333333 | L91: 0 | M91: 0.2632967 | N91: 0.24758228 | O91: =_xlfn.XLOOKUP(S91, AnglePowerMatching!$H:$H, AnglePowerMatching!$C:$C, "NaN") -> NaN | P91: =_xlfn.XLOOKUP(S91, AnglePowerMatching!$H:$H, AnglePowerMatching!$D:$D, "NaN") -> NaN | Q91: =NOT(OR(C91=0,D91=0)) -> TRUE | R91: =VALUE(_xlfn.TEXTBEFORE(A91, {"L","R"}, , , , A91)) -> 9450 | S91: =R91 & TEXT(B91, "yyyymmdd") -> 945020250818
A92: 948L | B92: 2025-07-24 | D92: 0 | E92: 0 | F92: 5 | G92: 0 | H92: 0 | I92: 0 | J92: 6 | K92: 0 | L92: 83.333333 | O92: =_xlfn.XLOOKUP(S92, AnglePowerMatching!$H:$H, AnglePowerMatching!$C:$C, "NaN") -> NaN | P92: =_xlfn.XLOOKUP(S92, AnglePowerMatching!$H:$H, AnglePowerMatching!$D:$D, "NaN") -> NaN | Q92: =NOT(OR(C92=0,D92=0)) -> FALSE | R92: =VALUE(_xlfn.TEXTBEFORE(A92, {"L","R"}, , , , A92)) -> 948 | S92: =R92 & TEXT(B92, "yyyymmdd") -> 94820250724
A93: 948L | B93: 2025-07-24 | D93: 0 | E93: 0 | F93: 5 | G93: 0 | H93: 0 | I93: 0 | J93: 6 | K93: 0 | L93: 83.333333 | O93: =_xlfn.XLOOKUP(S93, AnglePowerMatching!$H:$H, AnglePowerMatching!$C:$C, "NaN") -> NaN | P93: =_xlfn.XLOOKUP(S93, AnglePowerMatching!$H:$H, AnglePowerMatching!$D:$D, "NaN") -> NaN | Q93: =NOT(OR(C93=0,D93=0)) -> FALSE | R93: =VALUE(_xlfn.TEXTBEFORE(A93, {"L","R"}, , , , A93)) -> 948 | S93: =R93 & TEXT(B93, "yyyymmdd") -> 94820250724
A94: 948L | B94: 2025-07-24 | D94: 42.857143 | E94: 0 | F94: 1 | G94: 0 | H94: 6 | I94: 0 | J94: 15 | K94: 0 | L94: 6.6666667 | N94: 0.53583333 | O94: =_xlfn.XLOOKUP(S94, AnglePowerMatching!$H:$H, AnglePowerMatching!$C:$C, "NaN") -> NaN | P94: =_xlfn.XLOOKUP(S94, AnglePowerMatching!$H:$H, AnglePowerMatching!$D:$D, "NaN") -> NaN | Q94: =NOT(OR(C94=0,D94=0)) -> FALSE | R94: =VALUE(_xlfn.TEXTBEFORE(A94, {"L","R"}, , , , A94)) -> 948 | S94: =R94 & TEXT(B94, "yyyymmdd") -> 94820250724
A95: 948L | B95: 2025-07-25 | C95: 0 | D95: 100 | E95: 0 | F95: 0 | G95: 0 | H95: 2 | I95: 1 | J95: 2 | K95: 0 | L95: 0 | N95: 0.496 | O95: =_xlfn.XLOOKUP(S95, AnglePowerMatching!$H:$H, AnglePowerMatching!$C:$C, "NaN") -> 66 | P95: =_xlfn.XLOOKUP(S95, AnglePowerMatching!$H:$H, AnglePowerMatching!$D:$D, "NaN") -> 3 | Q95: =NOT(OR(C95=0,D95=0)) -> FALSE | R95: =VALUE(_xlfn.TEXTBEFORE(A95, {"L","R"}, , , , A95)) -> 948 | S95: =R95 & TEXT(B95, "yyyymmdd") -> 94820250725
A96: 948L | B96: 2025-07-25 | C96: 88.372093 | D96: 90.217391 | E96: 8 | F96: 2 | G96: 76 | H96: 83 | I96: 94 | J96: 94 | K96: 8.5106383 | L96: 2.1276596 | M96: 0.43493421 | N96: 0.40443373 | O96: =_xlfn.XLOOKUP(S96, AnglePowerMatching!$H:$H, AnglePowerMatching!$C:$C, "NaN") -> 66 | P96: =_xlfn.XLOOKUP(S96, AnglePowerMatching!$H:$H, AnglePowerMatching!$D:$D, "NaN") -> 3 | Q96: =NOT(OR(C96=0,D96=0)) -> TRUE | R96: =VALUE(_xlfn.TEXTBEFORE(A96, {"L","R"}, , , , A96)) -> 948 | S96: =R96 & TEXT(B96, "yyyymmdd") -> 94820250725
A97: 948L | B97: 2025-07-26 | C97: 91.304348 | D97: 86.486486 | E97: 9 | F97: 14 | G97: 105 | H97: 96 | I97: 124 | J97: 125 | K97: 7.2580645 | L97: 11.2 | M97: 0.37724762 | N97: 0.46075 | O97: =_xlfn.XLOOKUP(S97, AnglePowerMatching!$H:$H, AnglePowerMatching!$C:$C, "NaN") -> NaN | P97: =_xlfn.XLOOKUP(S97, AnglePowerMatching!$H:$H, AnglePowerMatching!$D:$D, "NaN") -> NaN | Q97: =NOT(OR(C97=0,D97=0)) -> TRUE | R97: =VALUE(_xlfn.TEXTBEFORE(A97, {"L","R"}, , , , A97)) -> 948 | S97: =R97 & TEXT(B97, "yyyymmdd") -> 94820250726
A98: 948L | B98: 2025-07-27 | C98: 50 | D98: 50 | E98: 0 | F98: 0 | G98: 2 | H98: 2 | I98: 4 | J98: 4 | K98: 0 | L98: 0 | M98: 0.188 | N98: 0.387 | O98: =_xlfn.XLOOKUP(S98, AnglePowerMatching!$H:$H, AnglePowerMatching!$C:$C, "NaN") -> 66 | P98: =_xlfn.XLOOKUP(S98, AnglePowerMatching!$H:$H, AnglePowerMatching!$D:$D, "NaN") -> 5 | Q98: =NOT(OR(C98=0,D98=0)) -> TRUE | R98: =VALUE(_xlfn.TEXTBEFORE(A98, {"L","R"}, , , , A98)) -> 948 | S98: =R98 & TEXT(B98, "yyyymmdd") -> 94820250727
A99: 948L | B99: 2025-07-27 | C99: 87.826087 | D99: 89.565217 | E99: 0 | F99: 0 | G99: 101 | H99: 103 | I99: 115 | J99: 115 | K99: 0 | L99: 0 | M99: 0.28676238 | N99: 0.28343689 | O99: =_xlfn.XLOOKUP(S99, AnglePowerMatching!$H:$H, AnglePowerMatching!$C:$C, "NaN") -> 66 | P99: =_xlfn.XLOOKUP(S99, AnglePowerMatching!$H:$H, AnglePowerMatching!$D:$D, "NaN") -> 5 | Q99: =NOT(OR(C99=0,D99=0)) -> TRUE | R99: =VALUE(_xlfn.TEXTBEFORE(A99, {"L","R"}, , , , A99)) -> 948 | S99: =R99 & TEXT(B99, "yyyymmdd") -> 94820250727
A100: 948L | B100: 2025-07-28 | C100: 100 | D100: 50 | E100: 0 | F100: 0 | G100: 1 | H100: 1 | I100: 1 | J100: 2 | K100: 0 | L100: 0 | M100: 0.476 | N100: 0.383 | O100: =_xlfn.XLOOKUP(S100, AnglePowerMatching!$H:$H, AnglePowerMatching!$C:$C, "NaN") -> 66 | P100: =_xlfn.XLOOKUP(S100, AnglePowerMatching!$H:$H, AnglePowerMatching!$D:$D, "NaN") -> 10 | Q100: =NOT(OR(C100=0,D100=0)) -> TRUE | R100: =VALUE(_xlfn.TEXTBEFORE(A100, {"L","R"}, , , , A100)) -> 948 | S100: =R100 & TEXT(B100, "yyyymmdd") -> 94820250728
A101: 948L | B101: 2025-07-28 | C101: 100 | D101: 100 | E101: 0 | F101: 0 | G101: 1 | H101: 2 | I101: 1 | J101: 2 | K101: 0 | L101: 0 | M101: 0.575 | N101: 0.683 | O101: =_xlfn.XLOOKUP(S101, AnglePowerMatching!$H:$H, AnglePowerMatching!$C:$C, "NaN") -> 66 | P101: =_xlfn.XLOOKUP(S101, AnglePowerMatching!$H:$H, AnglePowerMatching!$D:$D, "NaN") -> 10 | Q101: =NOT(OR(C101=0,D101=0)) -> TRUE | R101: =VALUE(_xlfn.TEXTBEFORE(A101, {"L","R"}, , , , A101)) -> 948 | S101: =R101 & TEXT(B101, "yyyymmdd") -> 94820250728
A102: 948L | B102: 2025-07-28 | C102: 100 | D102: 66.666667 | E102: 1 | F102: 0 | G102: 5 | H102: 4 | I102: 6 | J102: 6 | K102: 16.666667 | L102: 0 | M102: 0.4664 | N102: 0.48775 | O102: =_xlfn.XLOOKUP(S102, AnglePowerMatching!$H:$H, AnglePowerMatching!$C:$C, "NaN") -> 66 | P102: =_xlfn.XLOOKUP(S102, AnglePowerMatching!$H:$H, AnglePowerMatching!$D:$D, "NaN") -> 10 | Q102: =NOT(OR(C102=0,D102=0)) -> TRUE | R102: =VALUE(_xlfn.TEXTBEFORE(A102, {"L","R"}, , , , A102)) -> 948 | S102: =R102 & TEXT(B102, "yyyymmdd") -> 94820250728
A103: 948L | B103: 2025-07-28 | C103: 93.814433 | D103: 88.77551 | E103: 23 | F103: 22 | G103: 91 | H103: 87 | I103: 120 | J103: 120 | K103: 19.166667 | L103: 18.333333 | M103: 0.54502198 | N103: 0.55297701 | O103: =_xlfn.XLOOKUP(S103, AnglePowerMatching!$H:$H, AnglePowerMatching!$C:$C, "NaN") -> 66 | P103: =_xlfn.XLOOKUP(S103, AnglePowerMatching!$H:$H, AnglePowerMatching!$D:$D, "NaN") -> 10 | Q103: =NOT(OR(C103=0,D103=0)) -> TRUE | R103: =VALUE(_xlfn.TEXTBEFORE(A103, {"L","R"}, , , , A103)) -> 948 | S103: =R103 & TEXT(B103, "yyyymmdd") -> 94820250728
A104: 948L | B104: 2025-07-29 | C104: 84.931507 | D104: 89.74359 | E104: 47 | F104: 42 | G104: 62 | H104: 70 | I104: 120 | J104: 120 | K104: 39.166667 | L104: 35 | M104: 0.61246774 | N104: 0.63437143 | O104: =_xlfn.XLOOKUP(S104, AnglePowerMatching!$H:$H, AnglePowerMatching!$C:$C, "NaN") -> 66 | P104: =_xlfn.XLOOKUP(S104, AnglePowerMatching!$H:$H, AnglePowerMatching!$D:$D, "NaN") -> 3 | Q104: =NOT(OR(C104=0,D104=0)) -> TRUE | R104: =VALUE(_xlfn.TEXTBEFORE(A104, {"L","R"}, , , , A104)) -> 948 | S104: =R104 & TEXT(B104, "yyyymmdd") -> 94820250729
A105: 948L | B105: 2025-07-30 | D105: 0 | E105: 0 | F105: 1 | G105: 0 | H105: 0 | I105: 0 | J105: 2 | K105: 0 | L105: 50 | O105: =_xlfn.XLOOKUP(S105, AnglePowerMatching!$H:$H, AnglePowerMatching!$C:$C, "NaN") -> 90 | P105: =_xlfn.XLOOKUP(S105, AnglePowerMatching!$H:$H, AnglePowerMatching!$D:$D, "NaN") -> 3 | Q105: =NOT(OR(C105=0,D105=0)) -> FALSE | R105: =VALUE(_xlfn.TEXTBEFORE(A105, {"L","R"}, , , , A105)) -> 948 | S105: =R105 & TEXT(B105, "yyyymmdd") -> 94820250730
A106: 948L | B106: 2025-07-30 | C106: 0 | E106: 1 | F106: 2 | G106: 0 | H106: 0 | I106: 2 | J106: 2 | K106: 50 | L106: 100 | O106: =_xlfn.XLOOKUP(S106, AnglePowerMatching!$H:$H, AnglePowerMatching!$C:$C, "NaN") -> 90 | P106: =_xlfn.XLOOKUP(S106, AnglePowerMatching!$H:$H, AnglePowerMatching!$D:$D, "NaN") -> 3 | Q106: =NOT(OR(C106=0,D106=0)) -> FALSE | R106: =VALUE(_xlfn.TEXTBEFORE(A106, {"L","R"}, , , , A106)) -> 948 | S106: =R106 & TEXT(B106, "yyyymmdd") -> 94820250730
A107: 948L | B107: 2025-07-30 | C107: 91.780822 | D107: 89.534884 | E107: 42 | F107: 30 | G107: 67 | H107: 77 | I107: 115 | J107: 116 | K107: 36.521739 | L107: 25.862069 | M107: 0.51428358 | N107: 0.53480519 | O107: =_xlfn.XLOOKUP(S107, AnglePowerMatching!$H:$H, AnglePowerMatching!$C:$C, "NaN") -> 90 | P107: =_xlfn.XLOOKUP(S107, AnglePowerMatching!$H:$H, AnglePowerMatching!$D:$D, "NaN") -> 3 | Q107: =NOT(OR(C107=0,D107=0)) -> TRUE | R107: =VALUE(_xlfn.TEXTBEFORE(A107, {"L","R"}, , , , A107)) -> 948 | S107: =R107 & TEXT(B107, "yyyymmdd") -> 94820250730
A108: 948L | B108: 2025-07-31 | C108: 83.478261 | D108: 87.610619 | E108: 5 | F108: 7 | G108: 96 | H108: 99 | I108: 120 | J108: 120 | K108: 4.1666667 | L108: 5.8333333 | M108: 0.41176042 | N108: 0.43931313 | O108: =_xlfn.XLOOKUP(S108, AnglePowerMatching!$H:$H, AnglePowerMatching!$C:$C, "NaN") -> 90 | P108: =_xlfn.XLOOKUP(S108, AnglePowerMatching!$H:$H, AnglePowerMatching!$D:$D, "NaN") -> 5 | Q108: =NOT(OR(C108=0,D108=0)) -> TRUE | R108: =VALUE(_xlfn.TEXTBEFORE(A108, {"L","R"}, , , , A108)) -> 948 | S108: =R108 & TEXT(B108, "yyyymmdd") -> 94820250731
A109: 948L | B109: 2025-08-01 | C109: 96.039604 | D109: 91.818182 | E109: 29 | F109: 21 | G109: 97 | H109: 101 | I109: 130 | J109: 131 | K109: 22.307692 | L109: 16.030534 | M109: 0.51113402 | N109: 0.49015842 | O109: =_xlfn.XLOOKUP(S109, AnglePowerMatching!$H:$H, AnglePowerMatching!$C:$C, "NaN") -> 90 | P109: =_xlfn.XLOOKUP(S109, AnglePowerMatching!$H:$H, AnglePowerMatching!$D:$D, "NaN") -> 10 | Q109: =NOT(OR(C109=0,D109=0)) -> TRUE | R109: =VALUE(_xlfn.TEXTBEFORE(A109, {"L","R"}, , , , A109)) -> 948 | S109: =R109 & TEXT(B109, "yyyymmdd") -> 94820250801
A110: 948L | B110: 2025-08-02 | C110: 92.537313 | D110: 96.240602 | E110: 0 | F110: 2 | G110: 124 | H110: 128 | I110: 134 | J110: 135 | K110: 0 | L110: 1.4814815 | M110: 0.38116129 | N110: 0.37492969 | O110: =_xlfn.XLOOKUP(S110, AnglePowerMatching!$H:$H, AnglePowerMatching!$C:$C, "NaN") -> NaN | P110: =_xlfn.XLOOKUP(S110, AnglePowerMatching!$H:$H, AnglePowerMatching!$D:$D, "NaN") -> NaN | Q110: =NOT(OR(C110=0,D110=0)) -> TRUE | R110: =VALUE(_xlfn.TEXTBEFORE(A110, {"L","R"}, , , , A110)) -> 948 | S110: =R110 & TEXT(B110, "yyyymmdd") -> 94820250802
A111: 948L | B111: 2025-08-03 | C111: 92.105263 | D111: 91.22807 | E111: 6 | F111: 6 | G111: 105 | H111: 104 | I111: 120 | J111: 120 | K111: 5 | L111: 5 | M111: 0.50390476 | N111: 0.49585577 | O111: =_xlfn.XLOOKUP(S111, AnglePowerMatching!$H:$H, AnglePowerMatching!$C:$C, "NaN") -> 35 | P111: =_xlfn.XLOOKUP(S111, AnglePowerMatching!$H:$H, AnglePowerMatching!$D:$D, "NaN") -> 3 | Q111: =NOT(OR(C111=0,D111=0)) -> TRUE | R111: =VALUE(_xlfn.TEXTBEFORE(A111, {"L","R"}, , , , A111)) -> 948 | S111: =R111 & TEXT(B111, "yyyymmdd") -> 94820250803
A112: 948L | B112: 2025-08-04 | C112: 85.915493 | D112: 88.461538 | E112: 49 | F112: 44 | G112: 61 | H112: 69 | I112: 120 | J112: 122 | K112: 40.833333 | L112: 36.065574 | M112: 0.45629508 | N112: 0.50857971 | O112: =_xlfn.XLOOKUP(S112, AnglePowerMatching!$H:$H, AnglePowerMatching!$C:$C, "NaN") -> NaN | P112: =_xlfn.XLOOKUP(S112, AnglePowerMatching!$H:$H, AnglePowerMatching!$D:$D, "NaN") -> NaN | Q112: =NOT(OR(C112=0,D112=0)) -> TRUE | R112: =VALUE(_xlfn.TEXTBEFORE(A112, {"L","R"}, , , , A112)) -> 948 | S112: =R112 & TEXT(B112, "yyyymmdd") -> 94820250804
A113: 948L | B113: 2025-08-05 | C113: 65.217391 | D113: 65.217391 | E113: 115 | F113: 113 | G113: 15 | H113: 15 | I113: 138 | J113: 136 | K113: 83.333333 | L113: 83.088235 | M113: 0.7 | N113: 0.78606667 | O113: =_xlfn.XLOOKUP(S113, AnglePowerMatching!$H:$H, AnglePowerMatching!$C:$C, "NaN") -> NaN | P113: =_xlfn.XLOOKUP(S113, AnglePowerMatching!$H:$H, AnglePowerMatching!$D:$D, "NaN") -> NaN | Q113: =NOT(OR(C113=0,D113=0)) -> TRUE | R113: =VALUE(_xlfn.TEXTBEFORE(A113, {"L","R"}, , , , A113)) -> 948 | S113: =R113 & TEXT(B113, "yyyymmdd") -> 94820250805
A114: 948L | B114: 2025-08-06 | C114: 86.842105 | D114: 92.857143 | E114: 26 | F114: 32 | G114: 66 | H114: 65 | I114: 102 | J114: 102 | K114: 25.490196 | L114: 31.372549 | M114: 0.49921212 | N114: 0.48170769 | O114: =_xlfn.XLOOKUP(S114, AnglePowerMatching!$H:$H, AnglePowerMatching!$C:$C, "NaN") -> 35 | P114: =_xlfn.XLOOKUP(S114, AnglePowerMatching!$H:$H, AnglePowerMatching!$D:$D, "NaN") -> 5 | Q114: =NOT(OR(C114=0,D114=0)) -> TRUE | R114: =VALUE(_xlfn.TEXTBEFORE(A114, {"L","R"}, , , , A114)) -> 948 | S114: =R114 & TEXT(B114, "yyyymmdd") -> 94820250806
A115: 948L | B115: 2025-08-07 | C115: 64.545455 | D115: 63.478261 | E115: 5 | F115: 0 | G115: 71 | H115: 73 | I115: 115 | J115: 115 | K115: 4.3478261 | L115: 0 | M115: 0.27321127 | N115: 0.26446575 | O115: =_xlfn.XLOOKUP(S115, AnglePowerMatching!$H:$H, AnglePowerMatching!$C:$C, "NaN") -> 35 | P115: =_xlfn.XLOOKUP(S115, AnglePowerMatching!$H:$H, AnglePowerMatching!$D:$D, "NaN") -> 10 | Q115: =NOT(OR(C115=0,D115=0)) -> TRUE | R115: =VALUE(_xlfn.TEXTBEFORE(A115, {"L","R"}, , , , A115)) -> 948 | S115: =R115 & TEXT(B115, "yyyymmdd") -> 94820250807
A116: 948L | B116: 2025-08-08 | C116: 83.516484 | D116: 79.775281 | E116: 23 | F116: 25 | G116: 76 | H116: 71 | I116: 114 | J116: 114 | K116: 20.175439 | L116: 21.929825 | M116: 0.37123684 | N116: 0.37480282 | O116: =_xlfn.XLOOKUP(S116, AnglePowerMatching!$H:$H, AnglePowerMatching!$C:$C, "NaN") -> NaN | P116: =_xlfn.XLOOKUP(S116, AnglePowerMatching!$H:$H, AnglePowerMatching!$D:$D, "NaN") -> NaN | Q116: =NOT(OR(C116=0,D116=0)) -> TRUE | R116: =VALUE(_xlfn.TEXTBEFORE(A116, {"L","R"}, , , , A116)) -> 948 | S116: =R116 & TEXT(B116, "yyyymmdd") -> 94820250808
A117: 948L | B117: 2025-08-09 | C117: 72.881356 | D117: 82.20339 | E117: 5 | F117: 5 | G117: 86 | H117: 97 | I117: 123 | J117: 123 | K117: 4.0650407 | L117: 4.0650407 | M117: 0.38136047 | N117: 0.38401031 | O117: =_xlfn.XLOOKUP(S117, AnglePowerMatching!$H:$H, AnglePowerMatching!$C:$C, "NaN") -> NaN | P117: =_xlfn.XLOOKUP(S117, AnglePowerMatching!$H:$H, AnglePowerMatching!$D:$D, "NaN") -> NaN | Q117: =NOT(OR(C117=0,D117=0)) -> TRUE | R117: =VALUE(_xlfn.TEXTBEFORE(A117, {"L","R"}, , , , A117)) -> 948 | S117: =R117 & TEXT(B117, "yyyymmdd") -> 94820250809
A118: 948L | B118: 2025-08-10 | C118: 70.833333 | D118: 70.103093 | E118: 7 | F118: 6 | G118: 68 | H118: 68 | I118: 103 | J118: 103 | K118: 6.7961165 | L118: 5.8252427 | M118: 0.30120588 | N118: 0.29051471 | O118: =_xlfn.XLOOKUP(S118, AnglePowerMatching!$H:$H, AnglePowerMatching!$C:$C, "NaN") -> NaN | P118: =_xlfn.XLOOKUP(S118, AnglePowerMatching!$H:$H, AnglePowerMatching!$D:$D, "NaN") -> NaN | Q118: =NOT(OR(C118=0,D118=0)) -> TRUE | R118: =VALUE(_xlfn.TEXTBEFORE(A118, {"L","R"}, , , , A118)) -> 948 | S118: =R118 & TEXT(B118, "yyyymmdd") -> 94820250810
... A120: 948L | B120: 2025-08-12 | C120: 90.909091 | D120: 90 | E120: 0 | F120: 1 | G120: 110 | H120: 108 | I120: 121 | J120: 121 | K120: 0 | L120: 0.82644628 | M120: 0.35438182 | N120: 0.35283333 | O120: =_xlfn.XLOOKUP(S120, AnglePowerMatching!$H:$H, AnglePowerMatching!$C:$C, "NaN") -> NaN | P120: =_xlfn.XLOOKUP(S120, AnglePowerMatching!$H:$H, AnglePowerMatching!$D:$D, "NaN") -> NaN | Q120: =NOT(OR(C120=0,D120=0)) -> TRUE | R120: =VALUE(_xlfn.TEXTBEFORE(A120, {"L","R"}, , , , A120)) -> 948 | S120: =R120 & TEXT(B120, "yyyymmdd") -> 94820250812
A121: 948L | B121: 2025-08-13 | C121: 0 | E121: 2 | F121: 4 | G121: 0 | H121: 0 | I121: 3 | J121: 4 | K121: 66.666667 | L121: 100 | O121: =_xlfn.XLOOKUP(S121, AnglePowerMatching!$H:$H, AnglePowerMatching!$C:$C, "NaN") -> 26 | P121: =_xlfn.XLOOKUP(S121, AnglePowerMatching!$H:$H, AnglePowerMatching!$D:$D, "NaN") -> 3 | Q121: =NOT(OR(C121=0,D121=0)) -> FALSE | R121: =VALUE(_xlfn.TEXTBEFORE(A121, {"L","R"}, , , , A121)) -> 948 | S121: =R121 & TEXT(B121, "yyyymmdd") -> 94820250813
A122: 948L | B122: 2025-08-13 | D122: 100 | E122: 0 | F122: 0 | G122: 0 | H122: 1 | I122: 0 | J122: 1 | K122: 0 | L122: 0 | N122: 0.296 | O122: =_xlfn.XLOOKUP(S122, AnglePowerMatching!$H:$H, AnglePowerMatching!$C:$C, "NaN") -> 26 | P122: =_xlfn.XLOOKUP(S122, AnglePowerMatching!$H:$H, AnglePowerMatching!$D:$D, "NaN") -> 3 | Q122: =NOT(OR(C122=0,D122=0)) -> FALSE | R122: =VALUE(_xlfn.TEXTBEFORE(A122, {"L","R"}, , , , A122)) -> 948 | S122: =R122 & TEXT(B122, "yyyymmdd") -> 94820250813
A123: 948L | B123: 2025-08-13 | C123: 87.387387 | D123: 92.105263 | E123: 13 | F123: 10 | G123: 97 | H123: 105 | I123: 124 | J123: 124 | K123: 10.483871 | L123: 8.0645161 | M123: 0.36769072 | N123: 0.3762 | O123: =_xlfn.XLOOKUP(S123, AnglePowerMatching!$H:$H, AnglePowerMatching!$C:$C, "NaN") -> 26 | P123: =_xlfn.XLOOKUP(S123, AnglePowerMatching!$H:$H, AnglePowerMatching!$D:$D, "NaN") -> 3 | Q123: =NOT(OR(C123=0,D123=0)) -> TRUE | R123: =VALUE(_xlfn.TEXTBEFORE(A123, {"L","R"}, , , , A123)) -> 948 | S123: =R123 & TEXT(B123, "yyyymmdd") -> 94820250813
A124: 948L | B124: 2025-08-14 | C124: 79.824561 | D124: 83.333333 | E124: 0 | F124: 0 | G124: 91 | H124: 95 | I124: 114 | J124: 114 | K124: 0 | L124: 0 | M124: 0.33020879 | N124: 0.31454737 | O124: =_xlfn.XLOOKUP(S124, AnglePowerMatching!$H:$H, AnglePowerMatching!$C:$C, "NaN") -> 26 | P124: =_xlfn.XLOOKUP(S124, AnglePowerMatching!$H:$H, AnglePowerMatching!$D:$D, "NaN") -> 5 | Q124: =NOT(OR(C124=0,D124=0)) -> TRUE | R124: =VALUE(_xlfn.TEXTBEFORE(A124, {"L","R"}, , , , A124)) -> 948 | S124: =R124 & TEXT(B124, "yyyymmdd") -> 94820250814
A125: 948L | B125: 2025-08-15 | C125: 88.235294 | D125: 90.082645 | E125: 5 | F125: 3 | G125: 105 | H125: 109 | I125: 124 | J125: 124 | K125: 4.0322581 | L125: 2.4193548 | M125: 0.33618095 | N125: 0.33287156 | O125: =_xlfn.XLOOKUP(S125, AnglePowerMatching!$H:$H, AnglePowerMatching!$C:$C, "NaN") -> 26 | P125: =_xlfn.XLOOKUP(S125, AnglePowerMatching!$H:$H, AnglePowerMatching!$D:$D, "NaN") -> 10 | Q125: =NOT(OR(C125=0,D125=0)) -> TRUE | R125: =VALUE(_xlfn.TEXTBEFORE(A125, {"L","R"}, , , , A125)) -> 948 | S125: =R125 & TEXT(B125, "yyyymmdd") -> 94820250815
A126: 948L | B126: 2025-08-16 | C126: 71.052632 | D126: 68.376068 | E126: 6 | F126: 3 | G126: 81 | H126: 80 | I126: 120 | J126: 120 | K126: 5 | L126: 2.5 | M126: 0.26251852 | N126: 0.26365 | O126: =_xlfn.XLOOKUP(S126, AnglePowerMatching!$H:$H, AnglePowerMatching!$C:$C, "NaN") -> 16 | P126: =_xlfn.XLOOKUP(S126, AnglePowerMatching!$H:$H, AnglePowerMatching!$D:$D, "NaN") -> 3 | Q126: =NOT(OR(C126=0,D126=0)) -> TRUE | R126: =VALUE(_xlfn.TEXTBEFORE(A126, {"L","R"}, , , , A126)) -> 948 | S126: =R126 & TEXT(B126, "yyyymmdd") -> 94820250816
A127: 948L | B127: 2025-08-17 | D127: 0 | E127: 12 | F127: 11 | G127: 0 | H127: 0 | I127: 12 | J127: 12 | K127: 100 | L127: 91.666667 | O127: =_xlfn.XLOOKUP(S127, AnglePowerMatching!$H:$H, AnglePowerMatching!$C:$C, "NaN") -> NaN | P127: =_xlfn.XLOOKUP(S127, AnglePowerMatching!$H:$H, AnglePowerMatching!$D:$D, "NaN") -> NaN | Q127: =NOT(OR(C127=0,D127=0)) -> FALSE | R127: =VALUE(_xlfn.TEXTBEFORE(A127, {"L","R"}, , , , A127)) -> 948 | S127: =R127 & TEXT(B127, "yyyymmdd") -> 94820250817
A128: 948L | B128: 2025-08-18 | C128: 76.724138 | D128: 74.137931 | E128: 4 | F128: 4 | G128: 89 | H128: 86 | I128: 120 | J128: 120 | K128: 3.3333333 | L128: 3.3333333 | M128: 0.31822472 | N128: 0.31924419 | O128: =_xlfn.XLOOKUP(S128, AnglePowerMatching!$H:$H, AnglePowerMatching!$C:$C, "NaN") -> NaN | P128: =_xlfn.XLOOKUP(S128, AnglePowerMatching!$H:$H, AnglePowerMatching!$D:$D, "NaN") -> NaN | Q128: =NOT(OR(C128=0,D128=0)) -> TRUE | R128: =VALUE(_xlfn.TEXTBEFORE(A128, {"L","R"}, , , , A128)) -> 948 | S128: =R128 & TEXT(B128, "yyyymmdd") -> 94820250818
A129: 948L | B129: 2025-08-19 | C129: 85.833333 | D129: 83.62069 | E129: 16 | F129: 20 | G129: 103 | H129: 97 | I129: 136 | J129: 136 | K129: 11.764706 | L129: 14.705882 | M129: 0.4845534 | N129: 0.47910309 | O129: =_xlfn.XLOOKUP(S129, AnglePowerMatching!$H:$H, AnglePowerMatching!$C:$C, "NaN") -> NaN | P129: =_xlfn.XLOOKUP(S129, AnglePowerMatching!$H:$H, AnglePowerMatching!$D:$D, "NaN") -> NaN | Q129: =NOT(OR(C129=0,D129=0)) -> TRUE | R129: =VALUE(_xlfn.TEXTBEFORE(A129, {"L","R"}, , , , A129)) -> 948 | S129: =R129 & TEXT(B129, "yyyymmdd") -> 94820250819
A130: 948L | B130: 2025-08-20 | C130: 82.926829 | D130: 81.147541 | E130: 0 | F130: 1 | G130: 102 | H130: 99 | I130: 123 | J130: 123 | K130: 0 | L130: 0.81300813 | M130: 0.30909804 | N130: 0.29237374 | O130: =_xlfn.XLOOKUP(S130, AnglePowerMatching!$H:$H, AnglePowerMatching!$C:$C, "NaN") -> 16 | P130: =_xlfn.XLOOKUP(S130, AnglePowerMatching!$H:$H, AnglePowerMatching!$D:$D, "NaN") -> 3 | Q130: =NOT(OR(C130=0,D130=0)) -> TRUE | R130: =VALUE(_xlfn.TEXTBEFORE(A130, {"L","R"}, , , , A130)) -> 948 | S130: =R130 & TEXT(B130, "yyyymmdd") -> 94820250820
A131: 948L | B131: 2025-08-21 | C131: 72.932331 | D131: 76.153846 | E131: 0 | F131: 2 | G131: 97 | H131: 99 | I131: 133 | J131: 132 | K131: 0 | L131: 1.5151515 | M131: 0.27123711 | N131: 0.27539394 | O131: =_xlfn.XLOOKUP(S131, AnglePowerMatching!$H:$H, AnglePowerMatching!$C:$C, "NaN") -> 16 | P131: =_xlfn.XLOOKUP(S131, AnglePowerMatching!$H:$H, AnglePowerMatching!$D:$D, "NaN") -> 5 | Q131: =NOT(OR(C131=0,D131=0)) -> TRUE | R131: =VALUE(_xlfn.TEXTBEFORE(A131, {"L","R"}, , , , A131)) -> 948 | S131: =R131 & TEXT(B131, "yyyymmdd") -> 94820250821
A132: 948L | B132: 2025-08-22 | C132: 50 | D132: 66.666667 | E132: 0 | F132: 0 | G132: 1 | H132: 2 | I132: 2 | J132: 3 | K132: 0 | L132: 0 | M132: 0.307 | N132: 0.3905 | O132: =_xlfn.XLOOKUP(S132, AnglePowerMatching!$H:$H, AnglePowerMatching!$C:$C, "NaN") -> 16 | P132: =_xlfn.XLOOKUP(S132, AnglePowerMatching!$H:$H, AnglePowerMatching!$D:$D, "NaN") -> 10 | Q132: =NOT(OR(C132=0,D132=0)) -> TRUE | R132: =VALUE(_xlfn.TEXTBEFORE(A132, {"L","R"}, , , , A132)) -> 948 | S132: =R132 & TEXT(B132, "yyyymmdd") -> 94820250822
A133: 948L | B133: 2025-08-22 | C133: 79.824561 | D133: 86.086957 | E133: 8 | F133: 9 | G133: 91 | H133: 99 | I133: 122 | J133: 124 | K133: 6.557377 | L133: 7.2580645 | M133: 0.44837363 | N133: 0.45308081 | O133: =_xlfn.XLOOKUP(S133, AnglePowerMatching!$H:$H, AnglePowerMatching!$C:$C, "NaN") -> 16 | P133: =_xlfn.XLOOKUP(S133, AnglePowerMatching!$H:$H, AnglePowerMatching!$D:$D, "NaN") -> 10 | Q133: =NOT(OR(C133=0,D133=0)) -> TRUE | R133: =VALUE(_xlfn.TEXTBEFORE(A133, {"L","R"}, , , , A133)) -> 948 | S133: =R133 & TEXT(B133, "yyyymmdd") -> 94820250822
A134: 948L | B134: 2025-08-27 | C134: 71.794872 | D134: 61.666667 | E134: 3 | F134: 0 | G134: 84 | H134: 74 | I134: 120 | J134: 120 | K134: 2.5 | L134: 0 | M134: 0.39688095 | N134: 0.41227027 | O134: =_xlfn.XLOOKUP(S134, AnglePowerMatching!$H:$H, AnglePowerMatching!$C:$C, "NaN") -> 8.7 | P134: =_xlfn.XLOOKUP(S134, AnglePowerMatching!$H:$H, AnglePowerMatching!$D:$D, "NaN") -> 3 | Q134: =NOT(OR(C134=0,D134=0)) -> TRUE | R134: =VALUE(_xlfn.TEXTBEFORE(A134, {"L","R"}, , , , A134)) -> 948 | S134: =R134 & TEXT(B134, "yyyymmdd") -> 94820250827
A135: 948L | B135: 2025-08-28 | C135: 65.546218 | D135: 54.166667 | E135: 1 | F135: 0 | G135: 78 | H135: 65 | I135: 120 | J135: 120 | K135: 0.83333333 | L135: 0 | M135: 0.26976923 | N135: 0.25603077 | O135: =_xlfn.XLOOKUP(S135, AnglePowerMatching!$H:$H, AnglePowerMatching!$C:$C, "NaN") -> 8.7 | P135: =_xlfn.XLOOKUP(S135, AnglePowerMatching!$H:$H, AnglePowerMatching!$D:$D, "NaN") -> 5 | Q135: =NOT(OR(C135=0,D135=0)) -> TRUE | R135: =VALUE(_xlfn.TEXTBEFORE(A135, {"L","R"}, , , , A135)) -> 948 | S135: =R135 & TEXT(B135, "yyyymmdd") -> 94820250828
A136: 949 | B136: 2025-09-21 | C136: 82.258065 | D136: 71.186441 | E136: 61 | F136: 64 | G136: 51 | H136: 42 | I136: 123 | J136: 123 | K136: 49.593496 | L136: 52.03252 | M136: 0.54680392 | N136: 0.46378571 | O136: =_xlfn.XLOOKUP(S136, AnglePowerMatching!$H:$H, AnglePowerMatching!$C:$C, "NaN") -> NaN | P136: =_xlfn.XLOOKUP(S136, AnglePowerMatching!$H:$H, AnglePowerMatching!$D:$D, "NaN") -> NaN | Q136: =NOT(OR(C136=0,D136=0)) -> TRUE | R136: =VALUE(_xlfn.TEXTBEFORE(A136, {"L","R"}, , , , A136)) -> 949 | S136: =R136 & TEXT(B136, "yyyymmdd") -> 94920250921
A137: 949 | B137: 2025-09-23 | C137: 62.711864 | D137: 61.864407 | E137: 2 | F137: 2 | G137: 74 | H137: 73 | I137: 120 | J137: 120 | K137: 1.6666667 | L137: 1.6666667 | M137: 0.36732432 | N137: 0.41623288 | O137: =_xlfn.XLOOKUP(S137, AnglePowerMatching!$H:$H, AnglePowerMatching!$C:$C, "NaN") -> 66 | P137: =_xlfn.XLOOKUP(S137, AnglePowerMatching!$H:$H, AnglePowerMatching!$D:$D, "NaN") -> 10 | Q137: =NOT(OR(C137=0,D137=0)) -> TRUE | R137: =VALUE(_xlfn.TEXTBEFORE(A137, {"L","R"}, , , , A137)) -> 949 | S137: =R137 & TEXT(B137, "yyyymmdd") -> 94920250923
A138: 949 | B138: 2025-09-28 | C138: 71.428571 | D138: 71.666667 | E138: 1 | F138: 0 | G138: 85 | H138: 86 | I138: 120 | J138: 120 | K138: 0.83333333 | L138: 0 | M138: 0.44888235 | N138: 0.44530233 | O138: =_xlfn.XLOOKUP(S138, AnglePowerMatching!$H:$H, AnglePowerMatching!$C:$C, "NaN") -> 90 | P138: =_xlfn.XLOOKUP(S138, AnglePowerMatching!$H:$H, AnglePowerMatching!$D:$D, "NaN") -> 3 | Q138: =NOT(OR(C138=0,D138=0)) -> TRUE | R138: =VALUE(_xlfn.TEXTBEFORE(A138, {"L","R"}, , , , A138)) -> 949 | S138: =R138 & TEXT(B138, "yyyymmdd") -> 94920250928
A139: 949 | B139: 2025-09-29 | C139: 60 | D139: 65 | E139: 0 | F139: 0 | G139: 72 | H139: 78 | I139: 120 | J139: 120 | K139: 0 | L139: 0 | M139: 0.34811111 | N139: 0.34829487 | O139: =_xlfn.XLOOKUP(S139, AnglePowerMatching!$H:$H, AnglePowerMatching!$C:$C, "NaN") -> 90 | P139: =_xlfn.XLOOKUP(S139, AnglePowerMatching!$H:$H, AnglePowerMatching!$D:$D, "NaN") -> 5 | Q139: =NOT(OR(C139=0,D139=0)) -> TRUE | R139: =VALUE(_xlfn.TEXTBEFORE(A139, {"L","R"}, , , , A139)) -> 949 | S139: =R139 & TEXT(B139, "yyyymmdd") -> 94920250929
... A168: 950 | B168: 2025-09-23 | C168: 75 | D168: 77.894737 | E168: 24 | F168: 25 | G168: 72 | H168: 74 | I168: 120 | J168: 120 | K168: 20 | L168: 20.833333 | M168: 0.45925 | N168: 0.43716216 | O168: =_xlfn.XLOOKUP(S168, AnglePowerMatching!$H:$H, AnglePowerMatching!$C:$C, "NaN") -> 16 | P168: =_xlfn.XLOOKUP(S168, AnglePowerMatching!$H:$H, AnglePowerMatching!$D:$D, "NaN") -> 10 | Q168: =NOT(OR(C168=0,D168=0)) -> TRUE | R168: =VALUE(_xlfn.TEXTBEFORE(A168, {"L","R"}, , , , A168)) -> 950 | S168: =R168 & TEXT(B168, "yyyymmdd") -> 95020250923
A169: 950 | B169: 2025-10-12 | E169: 0 | F169: 1 | G169: 0 | H169: 1 | I169: 0 | J169: 1 | K169: 0 | L169: 100 | N169: 15.458 | O169: =_xlfn.XLOOKUP(S169, AnglePowerMatching!$H:$H, AnglePowerMatching!$C:$C, "NaN") -> 66 | P169: =_xlfn.XLOOKUP(S169, AnglePowerMatching!$H:$H, AnglePowerMatching!$D:$D, "NaN") -> 10 masker | Q169: =NOT(OR(C169=0,D169=0)) -> FALSE | R169: =VALUE(_xlfn.TEXTBEFORE(A169, {"L","R"}, , , , A169)) -> 950 | S169: =R169 & TEXT(B169, "yyyymmdd") -> 95020251012
A170: 950 | B170: 2025-10-12 | C170: 94.495413 | D170: 90 | E170: 11 | F170: 10 | G170: 103 | H170: 99 | I170: 120 | J170: 120 | K170: 9.1666667 | L170: 8.3333333 | M170: 0.48242718 | N170: 0.48735354 | O170: =_xlfn.XLOOKUP(S170, AnglePowerMatching!$H:$H, AnglePowerMatching!$C:$C, "NaN") -> 66 | P170: =_xlfn.XLOOKUP(S170, AnglePowerMatching!$H:$H, AnglePowerMatching!$D:$D, "NaN") -> 10 masker | Q170: =NOT(OR(C170=0,D170=0)) -> TRUE | R170: =VALUE(_xlfn.TEXTBEFORE(A170, {"L","R"}, , , , A170)) -> 950 | S170: =R170 & TEXT(B170, "yyyymmdd") -> 95020251012
A171: 950 | B171: 2025-10-12 | D171: 0 | E171: 0 | F171: 0 | G171: 0 | H171: 0 | I171: 0 | J171: 1 | K171: 0 | L171: 0 | O171: =_xlfn.XLOOKUP(S171, AnglePowerMatching!$H:$H, AnglePowerMatching!$C:$C, "NaN") -> 66 | P171: =_xlfn.XLOOKUP(S171, AnglePowerMatching!$H:$H, AnglePowerMatching!$D:$D, "NaN") -> 10 masker | Q171: =NOT(OR(C171=0,D171=0)) -> FALSE | R171: =VALUE(_xlfn.TEXTBEFORE(A171, {"L","R"}, , , , A171)) -> 950 | S171: =R171 & TEXT(B171, "yyyymmdd") -> 95020251012
A172: 950 | B172: 2025-10-22 | C172: 72.222222 | D172: 55.454545 | E172: 12 | F172: 10 | G172: 78 | H172: 61 | I172: 120 | J172: 120 | K172: 10 | L172: 8.3333333 | M172: 0.38339744 | N172: 0.33839344 | O172: =_xlfn.XLOOKUP(S172, AnglePowerMatching!$H:$H, AnglePowerMatching!$C:$C, "NaN") -> 66 | P172: =_xlfn.XLOOKUP(S172, AnglePowerMatching!$H:$H, AnglePowerMatching!$D:$D, "NaN") -> 3 masker | Q172: =NOT(OR(C172=0,D172=0)) -> TRUE | R172: =VALUE(_xlfn.TEXTBEFORE(A172, {"L","R"}, , , , A172)) -> 950 | S172: =R172 & TEXT(B172, "yyyymmdd") -> 95020251022
A173: 950 | B173: 2025-10-25 | C173: 74.074074 | D173: 83.516484 | E173: 39 | F173: 29 | G173: 60 | H173: 76 | I173: 120 | J173: 120 | K173: 32.5 | L173: 24.166667 | M173: 0.51518333 | N173: 0.56534211 | O173: =_xlfn.XLOOKUP(S173, AnglePowerMatching!$H:$H, AnglePowerMatching!$C:$C, "NaN") -> 66 | P173: =_xlfn.XLOOKUP(S173, AnglePowerMatching!$H:$H, AnglePowerMatching!$D:$D, "NaN") -> 5 masker | Q173: =NOT(OR(C173=0,D173=0)) -> TRUE | R173: =VALUE(_xlfn.TEXTBEFORE(A173, {"L","R"}, , , , A173)) -> 950 | S173: =R173 & TEXT(B173, "yyyymmdd") -> 95020251025
A174: 950 | B174: 2025-10-28 | C174: 75.652174 | D174: 81.578947 | E174: 5 | F174: 6 | G174: 87 | H174: 93 | I174: 120 | J174: 120 | K174: 4.1666667 | L174: 5 | M174: 0.43387356 | N174: 0.41483871 | O174: =_xlfn.XLOOKUP(S174, AnglePowerMatching!$H:$H, AnglePowerMatching!$C:$C, "NaN") -> 66 | P174: =_xlfn.XLOOKUP(S174, AnglePowerMatching!$H:$H, AnglePowerMatching!$D:$D, "NaN") -> 10 masker | Q174: =NOT(OR(C174=0,D174=0)) -> TRUE | R174: =VALUE(_xlfn.TEXTBEFORE(A174, {"L","R"}, , , , A174)) -> 950 | S174: =R174 & TEXT(B174, "yyyymmdd") -> 95020251028
A175: 950 | B175: 2025-11-05 | C175: 71.818182 | D175: 72.222222 | E175: 10 | F175: 12 | G175: 79 | H175: 78 | I175: 120 | J175: 120 | K175: 8.3333333 | L175: 10 | M175: 0.58421519 | N175: 0.56216667 | O175: =_xlfn.XLOOKUP(S175, AnglePowerMatching!$H:$H, AnglePowerMatching!$C:$C, "NaN") -> 35 | P175: =_xlfn.XLOOKUP(S175, AnglePowerMatching!$H:$H, AnglePowerMatching!$D:$D, "NaN") -> 3 masker | Q175: =NOT(OR(C175=0,D175=0)) -> TRUE | R175: =VALUE(_xlfn.TEXTBEFORE(A175, {"L","R"}, , , , A175)) -> 950 | S175: =R175 & TEXT(B175, "yyyymmdd") -> 95020251105
A176: 950 | B176: 2025-11-07 | C176: 57.758621 | D176: 59.663866 | E176: 4 | F176: 1 | G176: 67 | H176: 71 | I176: 120 | J176: 120 | K176: 3.3333333 | L176: 0.83333333 | M176: 0.38565672 | N176: 0.38864789 | O176: =_xlfn.XLOOKUP(S176, AnglePowerMatching!$H:$H, AnglePowerMatching!$C:$C, "NaN") -> 35 | P176: =_xlfn.XLOOKUP(S176, AnglePowerMatching!$H:$H, AnglePowerMatching!$D:$D, "NaN") -> 5 masker | Q176: =NOT(OR(C176=0,D176=0)) -> TRUE | R176: =VALUE(_xlfn.TEXTBEFORE(A176, {"L","R"}, , , , A176)) -> 950 | S176: =R176 & TEXT(B176, "yyyymmdd") -> 95020251107
A177: 950 | B177: 2025-11-10 | C177: 59.615385 | D177: 54.205607 | E177: 16 | F177: 13 | G177: 62 | H177: 58 | I177: 120 | J177: 120 | K177: 13.333333 | L177: 10.833333 | M177: 0.36514516 | N177: 0.33631034 | O177: =_xlfn.XLOOKUP(S177, AnglePowerMatching!$H:$H, AnglePowerMatching!$C:$C, "NaN") -> 35 | P177: =_xlfn.XLOOKUP(S177, AnglePowerMatching!$H:$H, AnglePowerMatching!$D:$D, "NaN") -> 10 masker | Q177: =NOT(OR(C177=0,D177=0)) -> TRUE | R177: =VALUE(_xlfn.TEXTBEFORE(A177, {"L","R"}, , , , A177)) -> 950 | S177: =R177 & TEXT(B177, "yyyymmdd") -> 95020251110
A178: 950 | B178: 2025-11-21 | C178: 47.89916 | D178: 52.10084 | E178: 1 | F178: 1 | G178: 57 | H178: 62 | I178: 120 | J178: 120 | K178: 0.83333333 | L178: 0.83333333 | M178: 0.26680702 | N178: 0.26437097 | O178: =_xlfn.XLOOKUP(S178, AnglePowerMatching!$H:$H, AnglePowerMatching!$C:$C, "NaN") -> 16 | P178: =_xlfn.XLOOKUP(S178, AnglePowerMatching!$H:$H, AnglePowerMatching!$D:$D, "NaN") -> 5 masker | Q178: =NOT(OR(C178=0,D178=0)) -> TRUE | R178: =VALUE(_xlfn.TEXTBEFORE(A178, {"L","R"}, , , , A178)) -> 950 | S178: =R178 & TEXT(B178, "yyyymmdd") -> 95020251121
A179: 950 | B179: 2025-12-04 | C179: 47.5 | D179: 52.5 | E179: 0 | F179: 0 | G179: 57 | H179: 63 | I179: 120 | J179: 120 | K179: 0 | L179: 0 | M179: 0.16252632 | N179: 0.14961905 | O179: =_xlfn.XLOOKUP(S179, AnglePowerMatching!$H:$H, AnglePowerMatching!$C:$C, "NaN") -> 16 | P179: =_xlfn.XLOOKUP(S179, AnglePowerMatching!$H:$H, AnglePowerMatching!$D:$D, "NaN") -> 10 masker | Q179: =NOT(OR(C179=0,D179=0)) -> TRUE | R179: =VALUE(_xlfn.TEXTBEFORE(A179, {"L","R"}, , , , A179)) -> 950 | S179: =R179 & TEXT(B179, "yyyymmdd") -> 95020251204
A180: 950 | B180: 2025-12-15 | C180: 63.636364 | D180: 53.719008 | E180: 0 | F180: 0 | G180: 77 | H180: 65 | I180: 121 | J180: 121 | K180: 0 | L180: 0 | M180: 0.24016883 | N180: 0.24736923 | O180: =_xlfn.XLOOKUP(S180, AnglePowerMatching!$H:$H, AnglePowerMatching!$C:$C, "NaN") -> 66 | P180: =_xlfn.XLOOKUP(S180, AnglePowerMatching!$H:$H, AnglePowerMatching!$D:$D, "NaN") -> 3 | Q180: =NOT(OR(C180=0,D180=0)) -> TRUE | R180: =VALUE(_xlfn.TEXTBEFORE(A180, {"L","R"}, , , , A180)) -> 950 | S180: =R180 & TEXT(B180, "yyyymmdd") -> 95020251215
A181: 950 | B181: 2025-12-16 | C181: 0 | E181: 119 | F181: 120 | G181: 0 | H181: 0 | I181: 120 | J181: 120 | K181: 99.166667 | L181: 100 | O181: =_xlfn.XLOOKUP(S181, AnglePowerMatching!$H:$H, AnglePowerMatching!$C:$C, "NaN") -> NaN | P181: =_xlfn.XLOOKUP(S181, AnglePowerMatching!$H:$H, AnglePowerMatching!$D:$D, "NaN") -> NaN | Q181: =NOT(OR(C181=0,D181=0)) -> FALSE | R181: =VALUE(_xlfn.TEXTBEFORE(A181, {"L","R"}, , , , A181)) -> 950 | S181: =R181 & TEXT(B181, "yyyymmdd") -> 95020251216
A182: 950 | B182: 2025-12-17 | C182: 61.157025 | D182: 64.754098 | E182: 0 | F182: 0 | G182: 74 | H182: 79 | I182: 121 | J182: 122 | K182: 0 | L182: 0 | M182: 0.25068919 | N182: 0.24381013 | O182: =_xlfn.XLOOKUP(S182, AnglePowerMatching!$H:$H, AnglePowerMatching!$C:$C, "NaN") -> 66 | P182: =_xlfn.XLOOKUP(S182, AnglePowerMatching!$H:$H, AnglePowerMatching!$D:$D, "NaN") -> 3 | Q182: =NOT(OR(C182=0,D182=0)) -> TRUE | R182: =VALUE(_xlfn.TEXTBEFORE(A182, {"L","R"}, , , , A182)) -> 950 | S182: =R182 & TEXT(B182, "yyyymmdd") -> 95020251217
A183: 950 | B183: 2025-12-18 | C183: 48.760331 | D183: 47.457627 | E183: 0 | F183: 2 | G183: 59 | H183: 56 | I183: 121 | J183: 120 | K183: 0 | L183: 1.6666667 | M183: 0.19337288 | N183: 0.17480357 | O183: =_xlfn.XLOOKUP(S183, AnglePowerMatching!$H:$H, AnglePowerMatching!$C:$C, "NaN") -> 66 | P183: =_xlfn.XLOOKUP(S183, AnglePowerMatching!$H:$H, AnglePowerMatching!$D:$D, "NaN") -> 5 masker | Q183: =NOT(OR(C183=0,D183=0)) -> TRUE | R183: =VALUE(_xlfn.TEXTBEFORE(A183, {"L","R"}, , , , A183)) -> 950 | S183: =R183 & TEXT(B183, "yyyymmdd") -> 95020251218
A184: 950 | B184: 2025-12-30 | C184: 71.666667 | D184: 81.666667 | E184: 0 | F184: 0 | G184: 86 | H184: 98 | I184: 120 | J184: 120 | K184: 0 | L184: 0 | M184: 0.33126744 | N184: 0.3395 | O184: =_xlfn.XLOOKUP(S184, AnglePowerMatching!$H:$H, AnglePowerMatching!$C:$C, "NaN") -> 90 | P184: =_xlfn.XLOOKUP(S184, AnglePowerMatching!$H:$H, AnglePowerMatching!$D:$D, "NaN") -> 5 | Q184: =NOT(OR(C184=0,D184=0)) -> TRUE | R184: =VALUE(_xlfn.TEXTBEFORE(A184, {"L","R"}, , , , A184)) -> 950 | S184: =R184 & TEXT(B184, "yyyymmdd") -> 95020251230
A185: 950 | B185: 2025-12-31 | C185: 71.052632 | D185: 74.107143 | E185: 6 | F185: 8 | G185: 81 | H185: 83 | I185: 120 | J185: 120 | K185: 5 | L185: 6.6666667 | M185: 0.38628395 | N185: 0.38574699 | O185: =_xlfn.XLOOKUP(S185, AnglePowerMatching!$H:$H, AnglePowerMatching!$C:$C, "NaN") -> 90 | P185: =_xlfn.XLOOKUP(S185, AnglePowerMatching!$H:$H, AnglePowerMatching!$D:$D, "NaN") -> 10 | Q185: =NOT(OR(C185=0,D185=0)) -> TRUE | R185: =VALUE(_xlfn.TEXTBEFORE(A185, {"L","R"}, , , , A185)) -> 950 | S185: =R185 & TEXT(B185, "yyyymmdd") -> 95020251231
A186: 950 | B186: 2026-01-12 | C186: 81.666667 | D186: 75.833333 | E186: 0 | F186: 0 | G186: 98 | H186: 91 | I186: 120 | J186: 120 | K186: 0 | L186: 0 | M186: 0.39845918 | N186: 0.42502198 | O186: =_xlfn.XLOOKUP(S186, AnglePowerMatching!$H:$H, AnglePowerMatching!$C:$C, "NaN") -> 66 | P186: =_xlfn.XLOOKUP(S186, AnglePowerMatching!$H:$H, AnglePowerMatching!$D:$D, "NaN") -> 3 masker | Q186: =NOT(OR(C186=0,D186=0)) -> TRUE | R186: =VALUE(_xlfn.TEXTBEFORE(A186, {"L","R"}, , , , A186)) -> 950 | S186: =R186 & TEXT(B186, "yyyymmdd") -> 95020260112
A187: 950 | B187: 2026-01-13 | C187: 75.221239 | D187: 75 | E187: 7 | F187: 12 | G187: 85 | H187: 81 | I187: 120 | J187: 120 | K187: 5.8333333 | L187: 10 | M187: 0.62465882 | N187: 0.58017284 | O187: =_xlfn.XLOOKUP(S187, AnglePowerMatching!$H:$H, AnglePowerMatching!$C:$C, "NaN") -> 66 | P187: =_xlfn.XLOOKUP(S187, AnglePowerMatching!$H:$H, AnglePowerMatching!$D:$D, "NaN") -> 5 masker | Q187: =NOT(OR(C187=0,D187=0)) -> TRUE | R187: =VALUE(_xlfn.TEXTBEFORE(A187, {"L","R"}, , , , A187)) -> 950 | S187: =R187 & TEXT(B187, "yyyymmdd") -> 95020260113
A188: 950 | B188: 2026-01-14 | C188: 67.521368 | D188: 70.08547 | E188: 3 | F188: 3 | G188: 79 | H188: 82 | I188: 120 | J188: 120 | K188: 2.5 | L188: 2.5 | M188: 0.40256962 | N188: 0.38843902 | O188: =_xlfn.XLOOKUP(S188, AnglePowerMatching!$H:$H, AnglePowerMatching!$C:$C, "NaN") -> 66 | P188: =_xlfn.XLOOKUP(S188, AnglePowerMatching!$H:$H, AnglePowerMatching!$D:$D, "NaN") -> 10 masker | Q188: =NOT(OR(C188=0,D188=0)) -> TRUE | R188: =VALUE(_xlfn.TEXTBEFORE(A188, {"L","R"}, , , , A188)) -> 950 | S188: =R188 & TEXT(B188, "yyyymmdd") -> 95020260114
A189: 950L | B189: 2025-08-13 | C189: 93.103448 | D189: 87.368421 | E189: 37 | F189: 29 | G189: 81 | H189: 83 | I189: 124 | J189: 124 | K189: 29.83871 | L189: 23.387097 | M189: 0.63844444 | N189: 0.57750602 | O189: =_xlfn.XLOOKUP(S189, AnglePowerMatching!$H:$H, AnglePowerMatching!$C:$C, "NaN") -> 66 | P189: =_xlfn.XLOOKUP(S189, AnglePowerMatching!$H:$H, AnglePowerMatching!$D:$D, "NaN") -> 3 | Q189: =NOT(OR(C189=0,D189=0)) -> TRUE | R189: =VALUE(_xlfn.TEXTBEFORE(A189, {"L","R"}, , , , A189)) -> 950 | S189: =R189 & TEXT(B189, "yyyymmdd") -> 95020250813
A190: 950L | B190: 2025-08-14 | C190: 85.714286 | D190: 77.884615 | E190: 16 | F190: 10 | G190: 84 | H190: 81 | I190: 114 | J190: 114 | K190: 14.035088 | L190: 8.7719298 | M190: 0.40202381 | N190: 0.48335802 | O190: =_xlfn.XLOOKUP(S190, AnglePowerMatching!$H:$H, AnglePowerMatching!$C:$C, "NaN") -> 66 | P190: =_xlfn.XLOOKUP(S190, AnglePowerMatching!$H:$H, AnglePowerMatching!$D:$D, "NaN") -> 5 | Q190: =NOT(OR(C190=0,D190=0)) -> TRUE | R190: =VALUE(_xlfn.TEXTBEFORE(A190, {"L","R"}, , , , A190)) -> 950 | S190: =R190 & TEXT(B190, "yyyymmdd") -> 95020250814
A191: 950L | B191: 2025-08-15 | C191: 89.814815 | D191: 89.908257 | E191: 16 | F191: 15 | G191: 97 | H191: 98 | I191: 124 | J191: 124 | K191: 12.903226 | L191: 12.096774 | M191: 0.58158763 | N191: 0.47005102 | O191: =_xlfn.XLOOKUP(S191, AnglePowerMatching!$H:$H, AnglePowerMatching!$C:$C, "NaN") -> 66 | P191: =_xlfn.XLOOKUP(S191, AnglePowerMatching!$H:$H, AnglePowerMatching!$D:$D, "NaN") -> 10 | Q191: =NOT(OR(C191=0,D191=0)) -> TRUE | R191: =VALUE(_xlfn.TEXTBEFORE(A191, {"L","R"}, , , , A191)) -> 950 | S191: =R191 & TEXT(B191, "yyyymmdd") -> 95020250815
A192: 950L | B192: 2025-08-16 | C192: 77.966102 | D192: 81.818182 | E192: 2 | F192: 10 | G192: 92 | H192: 90 | I192: 120 | J192: 120 | K192: 1.6666667 | L192: 8.3333333 | M192: 0.58092391 | N192: 0.52676667 | O192: =_xlfn.XLOOKUP(S192, AnglePowerMatching!$H:$H, AnglePowerMatching!$C:$C, "NaN") -> NaN | P192: =_xlfn.XLOOKUP(S192, AnglePowerMatching!$H:$H, AnglePowerMatching!$D:$D, "NaN") -> NaN | Q192: =NOT(OR(C192=0,D192=0)) -> TRUE | R192: =VALUE(_xlfn.TEXTBEFORE(A192, {"L","R"}, , , , A192)) -> 950 | S192: =R192 & TEXT(B192, "yyyymmdd") -> 95020250816
A193: 950L | B193: 2025-08-17 | C193: 91.578947 | D193: 87.878788 | E193: 38 | F193: 35 | G193: 87 | H193: 87 | I193: 133 | J193: 134 | K193: 28.571429 | L193: 26.119403 | M193: 0.5974023 | N193: 0.62835632 | O193: =_xlfn.XLOOKUP(S193, AnglePowerMatching!$H:$H, AnglePowerMatching!$C:$C, "NaN") -> NaN | P193: =_xlfn.XLOOKUP(S193, AnglePowerMatching!$H:$H, AnglePowerMatching!$D:$D, "NaN") -> NaN | Q193: =NOT(OR(C193=0,D193=0)) -> TRUE | R193: =VALUE(_xlfn.TEXTBEFORE(A193, {"L","R"}, , , , A193)) -> 950 | S193: =R193 & TEXT(B193, "yyyymmdd") -> 95020250817
A194: 950L | B194: 2025-08-17 | D194: 0 | E194: 12 | F194: 11 | G194: 0 | H194: 0 | I194: 12 | J194: 12 | K194: 100 | L194: 91.666667 | O194: =_xlfn.XLOOKUP(S194, AnglePowerMatching!$H:$H, AnglePowerMatching!$C:$C, "NaN") -> NaN | P194: =_xlfn.XLOOKUP(S194, AnglePowerMatching!$H:$H, AnglePowerMatching!$D:$D, "NaN") -> NaN | Q194: =NOT(OR(C194=0,D194=0)) -> FALSE | R194: =VALUE(_xlfn.TEXTBEFORE(A194, {"L","R"}, , , , A194)) -> 950 | S194: =R194 & TEXT(B194, "yyyymmdd") -> 95020250817
A195: 950L | B195: 2025-08-19 | C195: 89.430894 | D195: 80.487805 | E195: 13 | F195: 13 | G195: 110 | H195: 99 | I195: 136 | J195: 136 | K195: 9.5588235 | L195: 9.5588235 | M195: 0.38036364 | N195: 0.37775758 | O195: =_xlfn.XLOOKUP(S195, AnglePowerMatching!$H:$H, AnglePowerMatching!$C:$C, "NaN") -> NaN | P195: =_xlfn.XLOOKUP(S195, AnglePowerMatching!$H:$H, AnglePowerMatching!$D:$D, "NaN") -> NaN | Q195: =NOT(OR(C195=0,D195=0)) -> TRUE | R195: =VALUE(_xlfn.TEXTBEFORE(A195, {"L","R"}, , , , A195)) -> 950 | S195: =R195 & TEXT(B195, "yyyymmdd") -> 95020250819
A196: 950L | B196: 2025-08-20 | C196: 93.693694 | D196: 94.545455 | E196: 12 | F196: 13 | G196: 104 | H196: 104 | I196: 123 | J196: 123 | K196: 9.7560976 | L196: 10.569106 | M196: 0.43649038 | N196: 0.42592308 | O196: =_xlfn.XLOOKUP(S196, AnglePowerMatching!$H:$H, AnglePowerMatching!$C:$C, "NaN") -> 90 | P196: =_xlfn.XLOOKUP(S196, AnglePowerMatching!$H:$H, AnglePowerMatching!$D:$D, "NaN") -> 3 | Q196: =NOT(OR(C196=0,D196=0)) -> TRUE | R196: =VALUE(_xlfn.TEXTBEFORE(A196, {"L","R"}, , , , A196)) -> 950 | S196: =R196 & TEXT(B196, "yyyymmdd") -> 95020250820
A197: 950L | B197: 2025-08-21 | C197: 88.073394 | D197: 86.842105 | E197: 24 | F197: 18 | G197: 96 | H197: 99 | I197: 133 | J197: 132 | K197: 18.045113 | L197: 13.636364 | M197: 0.37583333 | N197: 0.3699899 | O197: =_xlfn.XLOOKUP(S197, AnglePowerMatching!$H:$H, AnglePowerMatching!$C:$C, "NaN") -> 90 | P197: =_xlfn.XLOOKUP(S197, AnglePowerMatching!$H:$H, AnglePowerMatching!$D:$D, "NaN") -> 5 | Q197: =NOT(OR(C197=0,D197=0)) -> TRUE | R197: =VALUE(_xlfn.TEXTBEFORE(A197, {"L","R"}, , , , A197)) -> 950 | S197: =R197 & TEXT(B197, "yyyymmdd") -> 95020250821
A198: 950L | B198: 2025-08-22 | C198: 100 | D198: 33.333333 | E198: 0 | F198: 0 | G198: 2 | H198: 1 | I198: 2 | J198: 3 | K198: 0 | L198: 0 | M198: 0.318 | N198: 0.08 | O198: =_xlfn.XLOOKUP(S198, AnglePowerMatching!$H:$H, AnglePowerMatching!$C:$C, "NaN") -> 90 | P198: =_xlfn.XLOOKUP(S198, AnglePowerMatching!$H:$H, AnglePowerMatching!$D:$D, "NaN") -> 10 | Q198: =NOT(OR(C198=0,D198=0)) -> TRUE | R198: =VALUE(_xlfn.TEXTBEFORE(A198, {"L","R"}, , , , A198)) -> 950 | S198: =R198 & TEXT(B198, "yyyymmdd") -> 95020250822
A199: 950L | B199: 2025-08-22 | C199: 94.495413 | D199: 90.47619 | E199: 13 | F199: 19 | G199: 103 | H199: 95 | I199: 122 | J199: 124 | K199: 10.655738 | L199: 15.322581 | M199: 0.60800971 | N199: 0.60545263 | O199: =_xlfn.XLOOKUP(S199, AnglePowerMatching!$H:$H, AnglePowerMatching!$C:$C, "NaN") -> 90 | P199: =_xlfn.XLOOKUP(S199, AnglePowerMatching!$H:$H, AnglePowerMatching!$D:$D, "NaN") -> 10 | Q199: =NOT(OR(C199=0,D199=0)) -> TRUE | R199: =VALUE(_xlfn.TEXTBEFORE(A199, {"L","R"}, , , , A199)) -> 950 | S199: =R199 & TEXT(B199, "yyyymmdd") -> 95020250822
...
